Country,ISO3,Year,Q1,Q2,Q3,Q4
Argentina,ARG,1980,.,.,.,.
Argentina,ARG,1981,.,.,.,.
Argentina,ARG,1982,.,.,.,.
Argentina,ARG,1983,.,.,.,.
Argentina,ARG,1984,.,.,.,.
Argentina,ARG,1985,.,.,.,.
Argentina,ARG,1986,.,.,.,.
Argentina,ARG,1987,.,.,.,.
Argentina,ARG,1988,.,.,.,.
Argentina,ARG,1989,.,.,.,.
Argentina,ARG,1990,.,.,.,.
Argentina,ARG,1991,.,.,.,.
Argentina,ARG,1992,.,.,.,.
Argentina,ARG,1993,.,2.9,2,0.8
Argentina,ARG,1994,1.4,2.1,0.3,1.2
Argentina,ARG,1995,-1.5,-3.8,-0.4,0.8
Argentina,ARG,1996,2.7,2.2,2.3,1.8
Argentina,ARG,1997,2.1,1.5,2.5,1.4
Argentina,ARG,1998,0.5,2,-0.3,-2.5
Argentina,ARG,1999,-1.2,-1.1,-0.3,1.7
Argentina,ARG,2000,-0.3,-1.6,-0.3,0.3
Argentina,ARG,2001,0.2,-0.8,-4.6,-5.7
Argentina,ARG,2002,-4.9,0.4,0.1,1
Argentina,ARG,2003,3.7,3.2,2.4,1.9
Argentina,ARG,2004,3,0.1,3.5,1.7
Argentina,ARG,2005,2.9,2.4,1.4,2.2
Argentina,ARG,2006,2.3,2.2,2,1.3
Argentina,ARG,2007,1.9,2.4,1.4,3
Argentina,ARG,2008,-0.9,1,1.7,-4.3
Argentina,ARG,2009,1.1,-1.2,2.7,2.8
Argentina,ARG,2010,1.3,4.8,1.5,1.3
Argentina,ARG,2011,2.7,2.3,1.2,0.9
Argentina,ARG,2012,-0.6,-2.7,2.4,1.5
Argentina,ARG,2013,0.4,0.5,1,-0.2
Argentina,ARG,2014,-0.9,0.8,0.3,0.4
Argentina,ARG,2015,0.7,0.5,.,.
Armenia,ARM,2001,111.5,105.7,115.2,106.2
Armenia,ARM,2002,108.4,109.7,113.2,117.9
Armenia,ARM,2003,110.9,116.3,114.3,114
Armenia,ARM,2004,108,110.4,112.7,109.5
Armenia,ARM,2005,108.4,114.3,112.7,117.1
Armenia,ARM,2006,113.1,119.1,112.2,110.4
Armenia,ARM,2007,112.1,110.1,115.7,115
Armenia,ARM,2008,113,109.6,115.4,94.1
Armenia,ARM,2009,93.9,86.7,83.5,85.8
Armenia,ARM,2010,105.4,106.2,102.8,
Australia,AUS,1980,0.4,0.3,0.6,1.7
Australia,AUS,1981,0.4,1.5,2.1,-0.4
Australia,AUS,1982,-0.8,1,-0.7,-1.6
Australia,AUS,1983,-1,-0.2,3.1,1.4
Australia,AUS,1984,2.6,0.9,1.1,0.7
Australia,AUS,1985,1.3,2.3,1.5,-0.3
Australia,AUS,1986,0.6,-0.2,0.3,1.7
Australia,AUS,1987,1,1.6,1.8,1.9
Australia,AUS,1988,0.4,0.4,0.8,1.4
Australia,AUS,1989,1.2,2.1,0.9,-0.4
Australia,AUS,1990,0.9,0.1,-0.5,0.6
Australia,AUS,1991,-1.4,-0.2,0.3,0.2
Australia,AUS,1992,0.9,0.7,0.9,2
Australia,AUS,1993,0.9,0.5,0.1,1.8
Australia,AUS,1994,1.8,1.2,1,0.4
Australia,AUS,1995,0.3,0.7,1.8,0.4
Australia,AUS,1996,1.9,0.2,1.2,0.7
Australia,AUS,1997,0.3,3.1,0.1,1.5
Australia,AUS,1998,0.3,1.5,1.7,1.4
Australia,AUS,1999,0.8,0.6,1,1.2
Australia,AUS,2000,1.2,0.6,0,-0.3
Australia,AUS,2001,1.1,0.9,1,1.1
Australia,AUS,2002,0.8,1.6,0.4,0.9
Australia,AUS,2003,0,0.6,1.6,1.7
Australia,AUS,2004,0.8,0.5,0.9,0.8
Australia,AUS,2005,0.8,0.5,1.2,0.8
Australia,AUS,2006,0.2,0.1,1.2,1.5
Australia,AUS,2007,1.5,0.8,0.9,0.5
Australia,AUS,2008,1.2,0.3,0.8,-0.7
Australia,AUS,2009,1.1,0.5,0.3,0.7
Australia,AUS,2010,0.5,0.5,0.6,1
Australia,AUS,2011,-0.2,1.1,1.2,1
Australia,AUS,2012,1.1,0.5,0.6,0.5
Australia,AUS,2013,0.2,0.7,0.6,0.8
Australia,AUS,2014,0.9,0.5,0.4,0.4
Australia,AUS,2015,0.9,0.3,0.9,.
Austria,AUT,1980,1.1,-1,0.5,0.1
Austria,AUT,1981,-0.7,1,-0.1,-0.6
Austria,AUT,1982,2,0.3,-0.1,-0.2
Austria,AUT,1983,1.2,1.3,0.8,1
Austria,AUT,1984,-1.3,-0.7,0.9,1
Austria,AUT,1985,0.5,0.2,1.5,-0.4
Austria,AUT,1986,0.9,1.2,0.1,0.1
Austria,AUT,1987,-0.9,1.8,1.2,0.8
Austria,AUT,1988,-1,1.8,1.7,1.2
Austria,AUT,1989,0.8,0.5,0.8,1.3
Austria,AUT,1990,1.2,1.1,0.8,0.7
Austria,AUT,1991,0.7,0.9,1.1,0.6
Austria,AUT,1992,0.4,0.5,0.1,-0.3
Austria,AUT,1993,-0.2,0.6,1,0.7
Austria,AUT,1994,0.3,0.2,0.9,1.4
Austria,AUT,1995,0.8,0.4,0.2,0.3
Austria,AUT,1996,0.5,1,0.5,0.5
Austria,AUT,1997,0.3,0.2,1.6,1.4
Austria,AUT,1998,0.6,1.2,0.1,0.4
Austria,AUT,1999,1.1,1,1.3,1.1
Austria,AUT,2000,0.4,1.3,0.5,1.5
Austria,AUT,2001,-0.1,-0.4,-0.2,0.5
Austria,AUT,2002,1,0.4,0.1,0.1
Austria,AUT,2003,0.5,-0.1,0.4,0.3
Austria,AUT,2004,1.2,0.7,0.6,0
Austria,AUT,2005,0.6,1.1,0.5,1
Austria,AUT,2006,0.9,0.8,0.8,1.5
Austria,AUT,2007,0.7,1.4,-0.4,0.5
Austria,AUT,2008,1.6,-0.2,-0.7,-2
Austria,AUT,2009,-1.8,-0.8,0.6,1.5
Austria,AUT,2010,-1.5,2,0.9,0.6
Austria,AUT,2011,1.8,-0.3,0.1,-0.2
Austria,AUT,2012,1.1,-0.4,0.3,-0.2
Austria,AUT,2013,-0.2,0.5,0.1,0.4
Austria,AUT,2014,0.3,-0.3,0.1,-0.1
Austria,AUT,2015,0.7,0.3,0,0
Belgium,BEL,1980,3.8,-0.7,-1,-0.2
Belgium,BEL,1981,0,1.5,-0.4,0.3
Belgium,BEL,1982,0.1,0.3,0.1,-0.6
Belgium,BEL,1983,0,0,0.8,1.1
Belgium,BEL,1984,0.4,0.2,0.3,0.6
Belgium,BEL,1985,0.4,0.4,0.7,0.5
Belgium,BEL,1986,0.5,0.2,1.2,-1.2
Belgium,BEL,1987,0.7,1.1,1.4,1.3
Belgium,BEL,1988,1,0.9,1.2,1
Belgium,BEL,1989,0.8,1,0.4,1.3
Belgium,BEL,1990,1.6,-0.4,0.1,1.2
Belgium,BEL,1991,-0.4,1.2,0.7,0.5
Belgium,BEL,1992,1.4,-1.2,0.3,-1.2
Belgium,BEL,1993,-0.8,1,0.3,1
Belgium,BEL,1994,0.7,1.1,0.3,1.7
Belgium,BEL,1995,-0.1,0.4,0.7,0.4
Belgium,BEL,1996,-0.1,0.7,0.5,0.8
Belgium,BEL,1997,1,1.4,0.8,0.6
Belgium,BEL,1998,0.3,0.3,0.3,0.3
Belgium,BEL,1999,1.1,1.3,1.4,1.2
Belgium,BEL,2000,0.8,0.6,0.4,0.9
Belgium,BEL,2001,0,-0.1,-0.2,-0.1
Belgium,BEL,2002,1,0.8,0.5,0.3
Belgium,BEL,2003,-0.3,0.1,0.3,0.7
Belgium,BEL,2004,1.6,0.9,0.8,0.3
Belgium,BEL,2005,0.5,0.5,0.3,0.8
Belgium,BEL,2006,0.7,0.3,0.8,1.1
Belgium,BEL,2007,1.3,0.3,0.7,0.5
Belgium,BEL,2008,0.6,0.1,-0.5,-2.1
Belgium,BEL,2009,-1.1,-0.1,1,0.9
Belgium,BEL,2010,0.4,1,0.4,0.4
Belgium,BEL,2011,0.8,0.2,0.1,0.1
Belgium,BEL,2012,0.3,-0.3,-0.2,0
Belgium,BEL,2013,-0.2,0.2,0.3,0.4
Belgium,BEL,2014,0.4,0.2,0.4,0.3
Belgium,BEL,2015,0.3,0.5,0.2,0.3
Brazil,BRA,1980,.,.,.,.
Brazil,BRA,1981,.,.,.,.
Brazil,BRA,1982,.,.,.,.
Brazil,BRA,1983,.,.,.,.
Brazil,BRA,1984,.,.,.,.
Brazil,BRA,1985,.,.,.,.
Brazil,BRA,1986,.,.,.,.
Brazil,BRA,1987,.,.,.,.
Brazil,BRA,1988,.,.,.,.
Brazil,BRA,1989,.,.,.,.
Brazil,BRA,1990,.,.,.,.
Brazil,BRA,1991,.,.,.,.
Brazil,BRA,1992,.,.,.,.
Brazil,BRA,1993,.,.,.,.
Brazil,BRA,1994,.,.,.,.
Brazil,BRA,1995,.,.,.,.
Brazil,BRA,1996,.,0.3,3.5,-0.9
Brazil,BRA,1997,1.1,0.3,1.5,0.8
Brazil,BRA,1998,-2.4,2.1,0,-1.1
Brazil,BRA,1999,-0.3,0.9,0,1.5
Brazil,BRA,2000,1.7,0.7,0.9,1.3
Brazil,BRA,2001,0.4,-0.3,-0.8,0.2
Brazil,BRA,2002,2,0.3,1.7,1.2
Brazil,BRA,2003,-1.2,-0.3,0.9,1.2
Brazil,BRA,2004,1.9,2.1,1.4,0.8
Brazil,BRA,2005,0.3,1.4,-0.3,0.9
Brazil,BRA,2006,1.6,0.6,1.4,1.1
Brazil,BRA,2007,1.8,2.1,0.8,1.7
Brazil,BRA,2008,1.8,1.4,2,-4.1
Brazil,BRA,2009,-1.9,2.4,2.5,2.3
Brazil,BRA,2010,1.6,1.8,1.1,1.1
Brazil,BRA,2011,1,1.4,-0.1,0.2
Brazil,BRA,2012,0,0.8,1.5,0.2
Brazil,BRA,2013,0.5,1.5,0.6,-0.2
Brazil,BRA,2014,0.6,-1.3,-0.1,0.1
Brazil,BRA,2015,-0.8,-2.1,-1.7,.
Bulgaria,BGR,1995,-7.5,-11,-0.6,14.7
Bulgaria,BGR,1996,-3.8,-5.9,-14,-9.9
Bulgaria,BGR,1997,-8.2,-1.3,6.4,-4.3
Bulgaria,BGR,1998,17.2,5.8,6.1,-3.9
Bulgaria,BGR,1999,5.9,4.4,3.2,-3.8
Bulgaria,BGR,2000,6.7,8.3,2.6,6.1
Bulgaria,BGR,2001,4,4,4.1,4.4
Bulgaria,BGR,2002,4.3,5.3,5,4
Bulgaria,BGR,2003,5.6,6,3.6,6.9
Bulgaria,BGR,2004,5.6,7.5,7.5,6.4
Bulgaria,BGR,2005,6.5,7,5.4,6.7
Bulgaria,BGR,2006,4.9,7,6.8,7
Bulgaria,BGR,2007,6.3,8,5.4,6.3
Bulgaria,BGR,2008,7.2,7.1,7.1,3.8
Bulgaria,BGR,2009,-4.9,-4.1,-5,-7.6
Bulgaria,BGR,2010,-4.5,1.2,0.8,3.1
Bulgaria,BGR,2011,2.1,2.9,1.9,0.6
Bulgaria,BGR,2012,0.9,0.6,0.6,0.4
Bulgaria,BGR,2013,0.9,-0.1,1.1,1.6
Bulgaria,BGR,2014,1.4,2.1,,
Canada,CAN,1980,0.9,-0.2,0,1.1
Canada,CAN,1981,2.4,1.1,-0.9,-0.5
Canada,CAN,1982,-1.2,-1.2,-0.9,-0.9
Canada,CAN,1983,1.6,2,1.1,1.3
Canada,CAN,1984,1.7,2,0.4,1.6
Canada,CAN,1985,1.5,0.3,1.3,1.5
Canada,CAN,1986,0,0.6,0.1,-0.7
Canada,CAN,1987,2.3,1.3,1.5,1.3
Canada,CAN,1988,1.5,0.9,0,0.7
Canada,CAN,1989,1.1,0.4,0.4,-0.2
Canada,CAN,1990,0.9,-0.4,-0.7,-0.9
Canada,CAN,1991,-1.4,0.5,0.1,0.2
Canada,CAN,1992,0.1,0.1,0.5,0.6
Canada,CAN,1993,0.6,0.9,1,0.4
Canada,CAN,1994,1.5,1.5,1.3,0.7
Canada,CAN,1995,0.9,0,0.1,0.4
Canada,CAN,1996,0.1,0.7,0.9,0.8
Canada,CAN,1997,1.3,1.1,1.2,1
Canada,CAN,1998,1.4,0,0.9,1.4
Canada,CAN,1999,1.8,0.8,1.6,1.4
Canada,CAN,2000,1.6,1.2,1,0.2
Canada,CAN,2001,0.5,0.3,-0.1,0.6
Canada,CAN,2002,1.5,0.6,0.9,0.6
Canada,CAN,2003,0.6,-0.1,0.4,0.7
Canada,CAN,2004,0.7,1.2,1.2,0.7
Canada,CAN,2005,0.3,0.7,1.2,1
Canada,CAN,2006,0.8,0,0.3,0.4
Canada,CAN,2007,0.6,1,0.4,0.1
Canada,CAN,2008,0.1,0.3,0.8,-1.2
Canada,CAN,2009,-2.3,-1.1,0.5,1.2
Canada,CAN,2010,1.2,0.5,0.7,1.1
Canada,CAN,2011,0.7,0.2,1.4,0.8
Canada,CAN,2012,0,0.3,0.2,0.1
Canada,CAN,2013,1,0.4,0.7,1
Canada,CAN,2014,0.1,0.9,0.5,0.8
Canada,CAN,2015,-0.2,-0.1,0.6,.
Chile,CHL,1980,.,.,.,.
Chile,CHL,1981,.,.,.,.
Chile,CHL,1982,.,.,.,.
Chile,CHL,1983,.,.,.,.
Chile,CHL,1984,.,.,.,.
Chile,CHL,1985,.,.,.,.
Chile,CHL,1986,.,.,.,.
Chile,CHL,1987,.,.,.,.
Chile,CHL,1988,.,.,.,.
Chile,CHL,1989,.,.,.,.
Chile,CHL,1990,.,.,.,.
Chile,CHL,1991,.,.,.,.
Chile,CHL,1992,.,.,.,.
Chile,CHL,1993,.,.,.,.
Chile,CHL,1994,.,.,.,.
Chile,CHL,1995,.,2.8,0.5,1.8
Chile,CHL,1996,3.1,1.2,1.2,1.3
Chile,CHL,1997,1.1,2.3,2.4,2
Chile,CHL,1998,-0.4,2,-0.5,-3.5
Chile,CHL,1999,-0.3,0.3,2.5,2.2
Chile,CHL,2000,0.4,0,1.5,1.2
Chile,CHL,2001,1.1,0.8,-0.6,0.9
Chile,CHL,2002,0.9,-0.2,0.6,2.1
Chile,CHL,2003,-1.5,0.5,0.7,0.5
Chile,CHL,2004,2.4,2,3,2
Chile,CHL,2005,0.1,1.3,2.7,1
Chile,CHL,2006,0.7,1.7,1.7,2
Chile,CHL,2007,1,0.8,0.7,1.8
Chile,CHL,2008,2,0,-0.3,-1.7
Chile,CHL,2009,-1.2,0.5,1.7,1.5
Chile,CHL,2010,-1.3,4.5,2.5,0.6
Chile,CHL,2011,1.3,0.7,0.5,2.7
Chile,CHL,2012,0.7,1.8,0.8,1.9
Chile,CHL,2013,1.3,-0.1,1.7,-0.1
Chile,CHL,2014,0.8,-0.2,0.4,0.8
Chile,CHL,2015,1.1,-0.1,0.4,.
China,CHN,1980,.,.,.,.
China,CHN,1981,.,.,.,.
China,CHN,1982,.,.,.,.
China,CHN,1983,.,.,.,.
China,CHN,1984,.,.,.,.
China,CHN,1985,.,.,.,.
China,CHN,1986,.,.,.,.
China,CHN,1987,.,.,.,.
China,CHN,1988,.,.,.,.
China,CHN,1989,.,.,.,.
China,CHN,1990,.,.,.,.
China,CHN,1991,.,.,.,.
China,CHN,1992,.,.,.,.
China,CHN,1993,.,.,.,.
China,CHN,1994,.,.,.,.
China,CHN,1995,.,.,.,.
China,CHN,1996,.,.,.,.
China,CHN,1997,.,.,.,.
China,CHN,1998,.,.,.,.
China,CHN,1999,.,.,.,.
China,CHN,2000,.,.,.,.
China,CHN,2001,.,.,.,.
China,CHN,2002,.,.,.,.
China,CHN,2003,.,.,.,.
China,CHN,2004,.,.,.,.
China,CHN,2005,.,.,.,.
China,CHN,2006,.,.,.,.
China,CHN,2007,.,.,.,.
China,CHN,2008,.,.,.,.
China,CHN,2009,.,.,.,.
China,CHN,2010,.,.,.,.
China,CHN,2011,2.3,2.5,1.9,1.5
China,CHN,2012,1.8,2.1,1.8,2
China,CHN,2013,1.8,1.7,2.2,1.6
China,CHN,2014,1.6,1.8,1.8,1.7
China,CHN,2015,1.3,1.9,1.8,1.6
Colombia,COL,1980,.,.,.,.
Colombia,COL,1981,.,.,.,.
Colombia,COL,1982,.,.,.,.
Colombia,COL,1983,.,.,.,.
Colombia,COL,1984,.,.,.,.
Colombia,COL,1985,.,.,.,.
Colombia,COL,1986,.,.,.,.
Colombia,COL,1987,.,.,.,.
Colombia,COL,1988,.,.,.,.
Colombia,COL,1989,.,.,.,.
Colombia,COL,1990,.,.,.,.
Colombia,COL,1991,.,.,.,.
Colombia,COL,1992,.,.,.,.
Colombia,COL,1993,.,.,.,.
Colombia,COL,1994,.,.,.,.
Colombia,COL,1995,.,.,.,.
Colombia,COL,1996,.,.,.,.
Colombia,COL,1997,.,.,.,.
Colombia,COL,1998,.,.,.,.
Colombia,COL,1999,.,.,.,.
Colombia,COL,2000,.,0,0.6,-0.1
Colombia,COL,2001,0.7,0.2,0.8,0.6
Colombia,COL,2002,-0.9,3.4,-0.3,0.3
Colombia,COL,2003,0.8,1.7,1.2,1.3
Colombia,COL,2004,1.9,0,1.2,3.2
Colombia,COL,2005,-0.2,1.7,0.6,1.2
Colombia,COL,2006,1.8,2.2,2.3,1.4
Colombia,COL,2007,1.9,0.6,2.2,2.5
Colombia,COL,2008,-0.3,0.9,0.6,-0.8
Colombia,COL,2009,0.5,1,0.7,0.7
Colombia,COL,2010,1.1,0.9,0.7,2.5
Colombia,COL,2011,1.5,1.6,2.1,1
Colombia,COL,2012,1,0.8,-0.3,1.3
Colombia,COL,2013,1,2.6,1,1.2
Colombia,COL,2014,1.5,0.3,1.1,0.5
Colombia,COL,2015,0.9,0.5,1.2,.
Croatia,HRV,1998,6.3,5.5,4,-4.7
Croatia,HRV,1999,-1.5,-2.4,-1.1,1.6
Croatia,HRV,2000,19.2,20.4,18.7,16
Croatia,HRV,2001,3,4.8,4.1,2.6
Croatia,HRV,2002,4.2,3.3,6.3,5.6
Croatia,HRV,2003,6,6.6,4.7,4.3
Croatia,HRV,2004,4.6,4.4,3.7,3.8
Croatia,HRV,2005,2,4.9,4.9,5.1
Croatia,HRV,2006,6.5,3.9,4.8,4.6
Croatia,HRV,2007,6.9,6,4.1,3.5
Croatia,HRV,2008,3.4,3,1.3,0.7
Croatia,HRV,2009,-8.3,-7.6,-7.2,-4.7
Croatia,HRV,2010,-3.1,-3.9,-1,-1.2
Croatia,HRV,2011,-1.5,0.4,0.6,-0.4
Croatia,HRV,2012,-1.2,-2.9,-2,-2.5
Croatia,HRV,2013,-1.5,-0.6,-0.5,-1.1
Croatia,HRV,2014,-0.4,,,
Czech Republic,CZE,1980,.,.,.,.
Czech Republic,CZE,1981,.,.,.,.
Czech Republic,CZE,1982,.,.,.,.
Czech Republic,CZE,1983,.,.,.,.
Czech Republic,CZE,1984,.,.,.,.
Czech Republic,CZE,1985,.,.,.,.
Czech Republic,CZE,1986,.,.,.,.
Czech Republic,CZE,1987,.,.,.,.
Czech Republic,CZE,1988,.,.,.,.
Czech Republic,CZE,1989,.,.,.,.
Czech Republic,CZE,1990,.,.,.,.
Czech Republic,CZE,1991,.,.,.,.
Czech Republic,CZE,1992,.,.,.,.
Czech Republic,CZE,1993,.,.,.,.
Czech Republic,CZE,1994,.,1,1.4,2.2
Czech Republic,CZE,1995,1.7,0.4,2.9,-0.8
Czech Republic,CZE,1996,2.5,0.6,0.5,-0.2
Czech Republic,CZE,1997,-0.2,-0.5,-0.6,-0.4
Czech Republic,CZE,1998,0.3,0.2,0,0
Czech Republic,CZE,1999,0,0.7,1,0.9
Czech Republic,CZE,2000,1.2,1.7,1.2,0.6
Czech Republic,CZE,2001,0.7,0.7,0.4,0.5
Czech Republic,CZE,2002,0.1,0.2,0.8,0.8
Czech Republic,CZE,2003,1.1,0.8,1.3,0.9
Czech Republic,CZE,2004,1.2,0.8,1.9,1.9
Czech Republic,CZE,2005,1.7,1.4,1.4,1.5
Czech Republic,CZE,2006,2.4,1.8,1.3,1.4
Czech Republic,CZE,2007,1.5,0.9,1.4,1.3
Czech Republic,CZE,2008,0.2,0.9,0.1,-1.5
Czech Republic,CZE,2009,-3.7,-0.7,0.5,0.3
Czech Republic,CZE,2010,0.4,1.2,0.6,0.6
Czech Republic,CZE,2011,0.7,0.3,-0.1,0.3
Czech Republic,CZE,2012,-0.5,-0.4,-0.5,-0.3
Czech Republic,CZE,2013,-0.9,0.5,0.4,1.4
Czech Republic,CZE,2014,-0.2,0.5,0.6,0.4
Czech Republic,CZE,2015,2.5,1,0.5,.
Denmark,DNK,1980,1.5,-2.5,-1.3,0.6
Denmark,DNK,1981,0.2,-0.7,0.6,0.2
Denmark,DNK,1982,1.3,1.2,1,0
Denmark,DNK,1983,0.5,1.6,-1.3,2.3
Denmark,DNK,1984,1.3,1.3,0.9,0.5
Denmark,DNK,1985,0.3,1.6,2.2,1.9
Denmark,DNK,1986,0.9,-0.3,0,0.4
Denmark,DNK,1987,-1.6,3,-1.4,0.6
Denmark,DNK,1988,1,0.1,-1.9,2.5
Denmark,DNK,1989,1.1,-2,-1.5,1.7
Denmark,DNK,1990,-0.6,2.2,0.3,-1.1
Denmark,DNK,1991,0.3,1.1,0.7,-1
Denmark,DNK,1992,1.4,-0.8,2.7,-0.4
Denmark,DNK,1993,-1.2,-0.4,0.2,2.2
Denmark,DNK,1994,1.2,2.9,-0.5,2.5
Denmark,DNK,1995,0.5,-0.3,0.4,0.7
Denmark,DNK,1996,0,2.7,0.3,0
Denmark,DNK,1997,1.3,1.7,-0.3,0
Denmark,DNK,1998,1.5,-0.8,1.8,0.3
Denmark,DNK,1999,0.9,0.5,0.6,1.4
Denmark,DNK,2000,1,1.1,0.3,1
Denmark,DNK,2001,-1.1,0.5,0.9,-0.2
Denmark,DNK,2002,0,0,0.3,-0.4
Denmark,DNK,2003,0.6,-0.8,0.3,1.7
Denmark,DNK,2004,0.5,0.7,0.2,1
Denmark,DNK,2005,-0.1,1.9,0.1,0.3
Denmark,DNK,2006,1.3,2.9,-0.7,-0.2
Denmark,DNK,2007,0.2,-0.5,1,1
Denmark,DNK,2008,-0.3,-0.8,-0.7,-2.4
Denmark,DNK,2009,-1.5,-1.9,0.4,-0.1
Denmark,DNK,2010,0.7,0.9,1.3,-0.2
Denmark,DNK,2011,0.2,1.1,-1.4,0.6
Denmark,DNK,2012,0,0.1,-0.1,-0.3
Denmark,DNK,2013,-0.1,-0.7,1,0.3
Denmark,DNK,2014,0.3,0,0.7,0.2
Denmark,DNK,2015,0.6,0.2,-0.4,.
Estonia,EST,1980,.,.,.,.
Estonia,EST,1981,.,.,.,.
Estonia,EST,1982,.,.,.,.
Estonia,EST,1983,.,.,.,.
Estonia,EST,1984,.,.,.,.
Estonia,EST,1985,.,.,.,.
Estonia,EST,1986,.,.,.,.
Estonia,EST,1987,.,.,.,.
Estonia,EST,1988,.,.,.,.
Estonia,EST,1989,.,.,.,.
Estonia,EST,1990,.,.,.,.
Estonia,EST,1991,.,.,.,.
Estonia,EST,1992,.,.,.,.
Estonia,EST,1993,.,.,.,.
Estonia,EST,1994,.,.,.,.
Estonia,EST,1995,.,0.2,0.2,0.6
Estonia,EST,1996,0.7,2.2,3.5,1.3
Estonia,EST,1997,3.5,3.6,2.5,2.8
Estonia,EST,1998,0.6,-0.1,0.1,-2
Estonia,EST,1999,-0.7,0.9,1,1.6
Estonia,EST,2000,4.7,2.6,1,2.9
Estonia,EST,2001,1.2,1.1,1.2,1.6
Estonia,EST,2002,0.4,3.2,1.6,1.3
Estonia,EST,2003,2,2.4,1.2,1.4
Estonia,EST,2004,3.6,-2.3,3.5,1.2
Estonia,EST,2005,2.2,3.8,2.1,2.5
Estonia,EST,2006,2.7,2.1,2.8,2.1
Estonia,EST,2007,3.5,0,0.4,0.2
Estonia,EST,2008,-3.4,1.4,-1,-10.2
Estonia,EST,2009,-3.7,-2.8,-2.2,0.2
Estonia,EST,2010,0.6,2.1,1.3,2.7
Estonia,EST,2011,1.9,1.4,2,0.6
Estonia,EST,2012,1.9,1.4,0.5,0.3
Estonia,EST,2013,0.6,-0.5,0.9,1
Estonia,EST,2014,1,0.3,0.6,1.3
Estonia,EST,2015,-0.8,0.6,-0.4,.
Finland,FIN,1980,1.7,-0.5,5,-2.7
Finland,FIN,1981,-0.2,1.2,0.5,0.4
Finland,FIN,1982,0.6,1,1.1,1.3
Finland,FIN,1983,0.1,1.1,0.9,-0.2
Finland,FIN,1984,1.6,0.1,0.9,1.2
Finland,FIN,1985,0.7,1.1,0.5,0.2
Finland,FIN,1986,0.1,0.4,4.4,-1.9
Finland,FIN,1987,0.8,1.7,0.4,2
Finland,FIN,1988,1.3,0.8,1.2,1.9
Finland,FIN,1989,1.2,1.8,1.2,0
Finland,FIN,1990,0.8,-0.9,-1.5,-1
Finland,FIN,1991,-2.2,-1.3,-1.5,-1.5
Finland,FIN,1992,0.2,-0.8,-1.3,-0.5
Finland,FIN,1993,-0.1,-0.2,1.2,0.4
Finland,FIN,1994,1,0.7,2.3,1.3
Finland,FIN,1995,0,2.2,0.3,0.4
Finland,FIN,1996,1.1,0.8,0.8,2
Finland,FIN,1997,1.4,1.6,1.7,2.1
Finland,FIN,1998,-0.1,2.1,1.8,0.8
Finland,FIN,1999,1.3,0.8,0.3,1.3
Finland,FIN,2000,3.3,-0.2,1.5,1
Finland,FIN,2001,0.8,0,0.7,-0.3
Finland,FIN,2002,0.5,1.2,-0.2,1
Finland,FIN,2003,-0.9,1.6,1.1,0.4
Finland,FIN,2004,0.9,1.1,0.9,1.8
Finland,FIN,2005,0.3,-0.2,1,0.4
Finland,FIN,2006,2.2,0.5,0.8,1.1
Finland,FIN,2007,1.7,1.7,0.7,1.8
Finland,FIN,2008,-0.4,-0.8,0,-1.7
Finland,FIN,2009,-6.9,-0.5,0.8,-0.2
Finland,FIN,2010,0.5,2.8,-0.4,2
Finland,FIN,2011,0.6,-0.2,0.4,0.1
Finland,FIN,2012,0,-1.7,-0.4,-0.7
Finland,FIN,2013,-0.3,0.3,0.4,-0.1
Finland,FIN,2014,-0.5,-0.1,0.2,-0.2
Finland,FIN,2015,0.2,0.4,-0.5,.
France,FRA,1980,1.2,-0.7,0.2,-0.2
France,FRA,1981,0.4,0.6,0.7,0.6
France,FRA,1982,0.8,0.7,0.1,0.5
France,FRA,1983,0.3,0.1,0.1,0.5
France,FRA,1984,0.6,0.3,0.6,0
France,FRA,1985,0.2,0.8,0.6,0.4
France,FRA,1986,0.3,1.1,0.5,0.1
France,FRA,1987,0.3,1.3,0.8,1.5
France,FRA,1988,1.3,0.8,1.2,1
France,FRA,1989,1.5,0.9,1,1
France,FRA,1990,1,0.4,0.3,-0.1
France,FRA,1991,0,0.7,0.4,0.5
France,FRA,1992,0.9,0,-0.1,-0.3
France,FRA,1993,-0.7,0.2,0.4,0.2
France,FRA,1994,0.5,1.2,0.7,0.9
France,FRA,1995,0.4,0.5,0.1,0.2
France,FRA,1996,0.6,0.2,0.5,0.1
France,FRA,1997,0.4,1.1,0.8,1
France,FRA,1998,0.8,1.1,0.7,0.8
France,FRA,1999,0.6,0.9,1.1,1.2
France,FRA,2000,1.2,0.8,0.6,0.8
France,FRA,2001,0.7,0,0.3,-0.2
France,FRA,2002,0.6,0.6,0.3,-0.1
France,FRA,2003,0.1,0,0.7,0.9
France,FRA,2004,0.6,0.8,0.4,0.7
France,FRA,2005,0.1,0.3,0.6,0.8
France,FRA,2006,0.6,1.1,0,0.8
France,FRA,2007,0.7,0.7,0.4,0.3
France,FRA,2008,0.5,-0.6,-0.3,-1.6
France,FRA,2009,-1.6,-0.1,0.1,0.7
France,FRA,2010,0.4,0.6,0.6,0.5
France,FRA,2011,1.2,-0.1,0.2,0.2
France,FRA,2012,0,-0.3,0.3,-0.1
France,FRA,2013,0.1,0.8,-0.1,0.2
France,FRA,2014,-0.2,-0.1,0.3,0.1
France,FRA,2015,0.7,0,0.3,0.2
Germany,DEU,1980,0.8,-0.6,-0.4,-0.1
Germany,DEU,1981,1.2,-0.2,0.3,-0.1
Germany,DEU,1982,0.4,-0.6,-1,0.2
Germany,DEU,1983,0.9,1.1,-0.2,1.4
Germany,DEU,1984,1.3,-1.6,2.7,0.8
Germany,DEU,1985,-0.5,1,1.3,0.6
Germany,DEU,1986,-0.6,1.2,0.7,1
Germany,DEU,1987,-2.5,2.2,0.7,1.6
Germany,DEU,1988,-0.9,1.8,1.1,1.2
Germany,DEU,1989,1,0.4,0.9,1.2
Germany,DEU,1990,2.1,0.5,2.1,1.8
Germany,DEU,1991,2.9,-0.4,-0.5,1.2
Germany,DEU,1992,1.7,-0.7,-0.3,-0.3
Germany,DEU,1993,-0.8,0,0.7,-0.1
Germany,DEU,1994,1.3,0.3,0.8,1.2
Germany,DEU,1995,-0.3,0.8,0.3,0
Germany,DEU,1996,-0.9,1.4,0.6,0.5
Germany,DEU,1997,-0.6,1.4,0.4,0.7
Germany,DEU,1998,0.9,-0.3,0.3,-0.1
Germany,DEU,1999,0.9,0.1,1.1,1.2
Germany,DEU,2000,1,1,-0.2,0.1
Germany,DEU,2001,1.7,0.1,-0.3,0.2
Germany,DEU,2002,-0.4,0.2,0.5,-0.2
Germany,DEU,2003,-1.2,0,0.5,0.4
Germany,DEU,2004,0,0.3,-0.2,0.1
Germany,DEU,2005,-0.2,0.7,0.8,0.3
Germany,DEU,2006,1,1.6,1,1.3
Germany,DEU,2007,0.4,0.7,0.8,0.3
Germany,DEU,2008,0.8,-0.3,-0.4,-2
Germany,DEU,2009,-4.5,0.1,0.6,0.9
Germany,DEU,2010,0.8,2,0.8,0.8
Germany,DEU,2011,1.9,0.2,0.4,0
Germany,DEU,2012,0.4,0.1,0.2,-0.5
Germany,DEU,2013,-0.3,0.9,0.4,0.3
Germany,DEU,2014,0.7,-0.1,0.2,0.6
Germany,DEU,2015,0.3,0.4,0.3,.
Greece,GRC,1980,3.4,-1.9,-5.2,3.9
Greece,GRC,1981,-2,-2.2,2.9,4
Greece,GRC,1982,-1.9,-4.1,-1,2.8
Greece,GRC,1983,-1.2,-3.1,2.4,3.3
Greece,GRC,1984,-0.6,-2.6,3,1.2
Greece,GRC,1985,-2.7,0.2,4.8,3.9
Greece,GRC,1986,-6.4,2.7,-1.5,2.7
Greece,GRC,1987,-4.3,-1.9,0.3,5.9
Greece,GRC,1988,2.3,-3.7,0.7,1.8
Greece,GRC,1989,3.5,-1.1,-1.4,4.3
Greece,GRC,1990,0.9,-2.8,-6.8,10.4
Greece,GRC,1991,0.4,-1.7,1.8,-0.4
Greece,GRC,1992,2.2,-3.1,1.5,-0.5
Greece,GRC,1993,-2.7,1.7,0.3,0.2
Greece,GRC,1994,-0.8,1.2,2.7,-0.8
Greece,GRC,1995,-0.1,1,0.6,0.6
Greece,GRC,1996,0.6,0.6,1.3,1.1
Greece,GRC,1997,0.7,1.7,1.6,1
Greece,GRC,1998,1.2,0.4,0.3,0.7
Greece,GRC,1999,0.8,0.9,0.4,1.5
Greece,GRC,2000,0.4,1,1.9,1.4
Greece,GRC,2001,1.1,-0.1,1.6,0.3
Greece,GRC,2002,0.8,2.2,0.6,0.9
Greece,GRC,2003,2,1.7,0.7,2.2
Greece,GRC,2004,1.7,0,1.2,-0.4
Greece,GRC,2005,-0.5,0.3,1.4,0.5
Greece,GRC,2006,3.1,0.4,0.6,2.5
Greece,GRC,2007,-0.9,2.8,-0.5,-0.5
Greece,GRC,2008,0.6,-0.7,-0.1,-1.4
Greece,GRC,2009,-4.8,2.8,-0.7,0
Greece,GRC,2010,-1.6,-3,-3.4,-1.4
Greece,GRC,2011,-2.8,-1.7,-1.9,-3.8
Greece,GRC,2012,-1.2,-1.7,-1.5,-0.2
Greece,GRC,2013,-1.8,0,0.2,-0.3
Greece,GRC,2014,0.6,-0.3,1.2,-0.5
Greece,GRC,2015,0,0.3,-0.9,.
Hungary,HUN,1980,.,.,.,.
Hungary,HUN,1981,.,.,.,.
Hungary,HUN,1982,.,.,.,.
Hungary,HUN,1983,.,.,.,.
Hungary,HUN,1984,.,.,.,.
Hungary,HUN,1985,.,.,.,.
Hungary,HUN,1986,.,.,.,.
Hungary,HUN,1987,.,.,.,.
Hungary,HUN,1988,.,.,.,.
Hungary,HUN,1989,.,.,.,.
Hungary,HUN,1990,.,.,.,.
Hungary,HUN,1991,.,.,.,.
Hungary,HUN,1992,.,.,.,.
Hungary,HUN,1993,.,.,.,.
Hungary,HUN,1994,.,.,.,.
Hungary,HUN,1995,.,-0.3,-0.1,-0.4
Hungary,HUN,1996,0.1,-0.1,0.1,1.1
Hungary,HUN,1997,1.1,1.1,1,1
Hungary,HUN,1998,1.2,1.2,0.8,0.3
Hungary,HUN,1999,0.3,1,1.5,1.3
Hungary,HUN,2000,0.6,1.2,0.8,1.3
Hungary,HUN,2001,1,0.9,0.9,0.8
Hungary,HUN,2002,2,0.6,1,0.9
Hungary,HUN,2003,0.7,1,1.1,1.2
Hungary,HUN,2004,1.2,1.2,1.2,0.8
Hungary,HUN,2005,1.1,1.5,0.8,1.1
Hungary,HUN,2006,1,1,0.6,0.6
Hungary,HUN,2007,-0.7,-0.2,0.5,0.3
Hungary,HUN,2008,0.6,0.7,-0.1,-3.4
Hungary,HUN,2009,-3.8,-0.4,0,0.1
Hungary,HUN,2010,-0.1,0.7,0.5,0.3
Hungary,HUN,2011,0.7,0.1,0.3,0.7
Hungary,HUN,2012,-2.4,-0.1,0.3,-0.2
Hungary,HUN,2013,0.6,0.8,1.1,1
Hungary,HUN,2014,0.7,1.1,0.7,0.7
Hungary,HUN,2015,0.5,0.5,0.6,.
Iceland,ISL,1980,1.5,1.4,1.2,1.1
Iceland,ISL,1981,0.9,0.9,1,1
Iceland,ISL,1982,0.8,0.3,-0.4,-1
Iceland,ISL,1983,-1.1,-0.7,0.1,1
Iceland,ISL,1984,1.5,1.5,1.2,0.8
Iceland,ISL,1985,0.6,0.6,0.7,1.1
Iceland,ISL,1986,1.5,1.9,2.4,2.7
Iceland,ISL,1987,2.5,2,1,0.1
Iceland,ISL,1988,-0.5,-0.6,-0.4,-0.1
Iceland,ISL,1989,0.2,0.3,0.3,0.3
Iceland,ISL,1990,0.3,0.3,0.3,0.3
Iceland,ISL,1991,0.1,-0.1,-0.6,-1
Iceland,ISL,1992,-1.1,-1,-0.5,0
Iceland,ISL,1993,0.5,0.9,1.2,1.3
Iceland,ISL,1994,1.2,0.9,0.3,-0.2
Iceland,ISL,1995,-0.3,-0.1,0.5,1.2
Iceland,ISL,1996,1.5,1.6,1.5,1.3
Iceland,ISL,1997,1.4,-1.5,2.3,-0.1
Iceland,ISL,1998,-2.2,9.6,1.3,0.8
Iceland,ISL,1999,0.9,-2.2,1.7,2.2
Iceland,ISL,2000,0.6,0.7,4,-1.5
Iceland,ISL,2001,-0.2,3.4,-1.7,4.8
Iceland,ISL,2002,-5.2,2,1,1.3
Iceland,ISL,2003,1.5,-2.1,1,1.6
Iceland,ISL,2004,5,-0.3,2.6,3.5
Iceland,ISL,2005,-3.1,5.5,2.7,-0.5
Iceland,ISL,2006,-1.5,4.4,0.2,0.1
Iceland,ISL,2007,3.2,4.8,0.4,3.8
Iceland,ISL,2008,-2.3,-0.4,-0.8,1.7
Iceland,ISL,2009,-7.6,4.5,-0.3,-3.2
Iceland,ISL,2010,-3.9,2.7,-1.1,1
Iceland,ISL,2011,-1.1,2,2.2,-1.7
Iceland,ISL,2012,1,-0.8,1.7,-1.2
Iceland,ISL,2013,4.8,-3.5,3.6,1.3
Iceland,ISL,2014,-2.2,0.2,5.3,-2.4
Iceland,ISL,2015,0.1,3.7,0.7,.
India,IND,1980,.,.,.,.
India,IND,1981,.,.,.,.
India,IND,1982,.,.,.,.
India,IND,1983,.,.,.,.
India,IND,1984,.,.,.,.
India,IND,1985,.,.,.,.
India,IND,1986,.,.,.,.
India,IND,1987,.,.,.,.
India,IND,1988,.,.,.,.
India,IND,1989,.,.,.,.
India,IND,1990,.,.,.,.
India,IND,1991,.,.,.,.
India,IND,1992,.,.,.,.
India,IND,1993,.,.,.,.
India,IND,1994,.,.,.,.
India,IND,1995,.,.,.,.
India,IND,1996,.,.,0.5,1.6
India,IND,1997,0.8,0.4,1.2,1.6
India,IND,1998,1.6,1.3,1.8,1.3
India,IND,1999,1.6,2.6,1.2,1.7
India,IND,2000,2.1,0.1,1.3,0
India,IND,2001,0.5,2.1,1.2,2.3
India,IND,2002,0.8,0.6,0.6,0.1
India,IND,2003,2.3,2.5,2.6,3.3
India,IND,2004,0.4,2.2,2.4,2.1
India,IND,2005,1.9,2.5,1.9,2.6
India,IND,2006,2.5,0.4,4.3,2.4
India,IND,2007,2.2,1.6,2,4.9
India,IND,2008,0,0.6,0.5,0.9
India,IND,2009,-1.7,5.3,2.6,2.2
India,IND,2010,2.7,2.4,2.4,2.9
India,IND,2011,2.1,2,-0.9,1.6
India,IND,2012,1.7,1.2,1.2,1.6
India,IND,2013,1.4,2.2,1.4,2
India,IND,2014,1.6,1.8,2.1,1.3
India,IND,2015,2,1.7,1.9,.
Indonesia,IDN,1980,.,.,.,.
Indonesia,IDN,1981,.,.,.,.
Indonesia,IDN,1982,.,.,.,.
Indonesia,IDN,1983,.,.,.,.
Indonesia,IDN,1984,.,.,.,.
Indonesia,IDN,1985,.,.,.,.
Indonesia,IDN,1986,.,.,.,.
Indonesia,IDN,1987,.,.,.,.
Indonesia,IDN,1988,.,.,.,.
Indonesia,IDN,1989,.,.,.,.
Indonesia,IDN,1990,.,2.5,1,1.3
Indonesia,IDN,1991,3.6,2.6,1.3,1.5
Indonesia,IDN,1992,1.1,1.3,3.5,0.5
Indonesia,IDN,1993,1.9,1.1,3.4,3.3
Indonesia,IDN,1994,0.9,2.7,0,-0.1
Indonesia,IDN,1995,5.4,2,0.4,1.4
Indonesia,IDN,1996,1.7,3.2,1.9,3.2
Indonesia,IDN,1997,-1.3,1.3,1.9,-0.5
Indonesia,IDN,1998,-7.4,-7.8,-1.1,-2.8
Indonesia,IDN,1999,5.6,-0.1,0.3,0.1
Indonesia,IDN,2000,3.1,-0.6,2.4,2.9
Indonesia,IDN,2001,-0.7,1,0,1.4
Indonesia,IDN,2002,1.2,1.3,1.3,1.1
Indonesia,IDN,2003,1.3,1.1,1,1
Indonesia,IDN,2004,1.2,1.2,1.2,2.8
Indonesia,IDN,2005,0.8,1.1,1.1,1.4
Indonesia,IDN,2006,1.3,1.3,1.6,1.6
Indonesia,IDN,2007,1.6,1.7,1.6,0.9
Indonesia,IDN,2008,2.1,1.5,1.5,0.4
Indonesia,IDN,2009,1.4,0.8,1.7,1.6
Indonesia,IDN,2010,1.7,1.6,1.5,1.6
Indonesia,IDN,2011,1.5,1.4,1.5,1.5
Indonesia,IDN,2012,1.6,1.5,1.4,1.4
Indonesia,IDN,2013,1.4,1.4,1.3,1.3
Indonesia,IDN,2014,1.2,1.2,1.2,1.1
Indonesia,IDN,2015,1.1,1.2,1.2,1.3
Ireland,IRL,1980,0.8,0.8,0.8,0.8
Ireland,IRL,1981,0.8,0.8,0.9,0.9
Ireland,IRL,1982,0.7,0.4,0,-0.3
Ireland,IRL,1983,-0.4,-0.2,0.4,0.9
Ireland,IRL,1984,1.3,1.5,1.4,1.2
Ireland,IRL,1985,0.9,0.5,0,-0.4
Ireland,IRL,1986,-0.5,-0.2,0.3,1
Ireland,IRL,1987,1.4,1.6,1.6,1.4
Ireland,IRL,1988,1.3,1.1,1,1
Ireland,IRL,1989,1.2,1.6,2.2,2.6
Ireland,IRL,1990,2.5,2.1,1.3,0.5
Ireland,IRL,1991,0,0,0.4,0.8
Ireland,IRL,1992,1.1,1.1,0.9,0.6
Ireland,IRL,1993,0.5,0.5,0.7,1
Ireland,IRL,1994,1.4,1.7,2.2,2.5
Ireland,IRL,1995,2.6,2.4,2.1,1.8
Ireland,IRL,1996,1.7,1.3,2.4,2.9
Ireland,IRL,1997,2.6,6.1,-1,2.9
Ireland,IRL,1998,2.7,3.2,2.1,-2.3
Ireland,IRL,1999,6.2,2.1,3.7,2.7
Ireland,IRL,2000,1.4,2.6,2.9,2.6
Ireland,IRL,2001,1.1,0,0.9,0.5
Ireland,IRL,2002,2.4,1.7,2.3,0.7
Ireland,IRL,2003,-0.2,0.4,0.2,6.1
Ireland,IRL,2004,-2.1,1.6,-0.2,3.1
Ireland,IRL,2005,0.4,3.2,0.1,3
Ireland,IRL,2006,1.8,0.4,2,0
Ireland,IRL,2007,5.3,-1.4,-1.7,4.5
Ireland,IRL,2008,-2.1,-1.4,-0.2,-4.1
Ireland,IRL,2009,-0.2,-1.3,-1.8,-0.7
Ireland,IRL,2010,2,-0.6,1.4,-0.4
Ireland,IRL,2011,1,1.5,-0.4,1.5
Ireland,IRL,2012,-1.2,0.9,-1.3,0.2
Ireland,IRL,2013,-0.3,0.1,4.7,-1.4
Ireland,IRL,2014,1.6,1.2,2.1,1.1
Ireland,IRL,2015,2.2,1.9,1.4,.
Israel,ISR,1980,.,.,.,.
Israel,ISR,1981,.,.,.,.
Israel,ISR,1982,.,.,.,.
Israel,ISR,1983,.,.,.,.
Israel,ISR,1984,.,.,.,.
Israel,ISR,1985,.,.,.,.
Israel,ISR,1986,.,.,.,.
Israel,ISR,1987,.,.,.,.
Israel,ISR,1988,.,.,.,.
Israel,ISR,1989,.,.,.,.
Israel,ISR,1990,.,.,.,.
Israel,ISR,1991,.,.,.,.
Israel,ISR,1992,.,.,.,.
Israel,ISR,1993,.,.,.,.
Israel,ISR,1994,.,.,.,.
Israel,ISR,1995,.,2.6,1.2,0.8
Israel,ISR,1996,1.8,1.4,1.3,1.6
Israel,ISR,1997,1.1,0.7,0,1.8
Israel,ISR,1998,1.4,0.1,1,0.8
Israel,ISR,1999,-1,4.4,0.4,2.1
Israel,ISR,2000,2.1,3.1,3,-0.2
Israel,ISR,2001,-1,-0.5,-1,-0.7
Israel,ISR,2002,0.4,0.6,0.1,-0.3
Israel,ISR,2003,1.1,-0.2,0.9,0.4
Israel,ISR,2004,2.2,1.2,1.3,1.5
Israel,ISR,2005,0.7,1.1,1.2,1.7
Israel,ISR,2006,1.8,1.9,-0.8,2.1
Israel,ISR,2007,1.9,1.7,1.8,1.2
Israel,ISR,2008,0.7,0.3,0.1,-0.5
Israel,ISR,2009,0,0.8,1.2,1.3
Israel,ISR,2010,1.5,1.3,1,1.2
Israel,ISR,2011,1.8,1.1,1.4,0.4
Israel,ISR,2012,0.3,0.7,0.9,1.1
Israel,ISR,2013,0.1,1.5,0.7,0.6
Israel,ISR,2014,0.3,0.9,0.3,1.4
Israel,ISR,2015,0.6,0,0.5,.
Italy,ITA,1980,-0.2,0.8,0.1,0.9
Italy,ITA,1981,-0.6,0.2,0,0.8
Italy,ITA,1982,0,-0.3,-0.1,-0.3
Italy,ITA,1983,0.3,-0.1,1.9,2.2
Italy,ITA,1984,-0.2,0.3,1.2,0
Italy,ITA,1985,0.6,1.3,0.8,0.7
Italy,ITA,1986,0.6,0.6,1,0.4
Italy,ITA,1987,0.4,1.5,0.3,1.1
Italy,ITA,1988,1.5,0.6,1.3,1.2
Italy,ITA,1989,0.6,0.4,1,1
Italy,ITA,1990,0.4,0.3,0.2,-0.6
Italy,ITA,1991,2,-0.5,0,1.2
Italy,ITA,1992,0.3,-0.1,-0.2,-0.7
Italy,ITA,1993,-0.1,-0.2,-0.2,0.7
Italy,ITA,1994,0.8,0.7,0.6,0.9
Italy,ITA,1995,1.3,0.1,0.4,0.8
Italy,ITA,1996,0.4,-0.2,-0.1,-0.4
Italy,ITA,1997,0.9,0.9,0.6,1.6
Italy,ITA,1998,-0.6,0.6,0.1,-0.4
Italy,ITA,1999,0.4,0.6,0.8,1.3
Italy,ITA,2000,1,0.9,0.6,1.3
Italy,ITA,2001,0.7,-0.5,-0.4,-0.1
Italy,ITA,2002,0.2,0.4,0.2,0.1
Italy,ITA,2003,-0.1,-0.3,0.2,0.5
Italy,ITA,2004,0.5,0.3,0.3,0.1
Italy,ITA,2005,-0.2,0.8,0.7,0.2
Italy,ITA,2006,0.6,0.5,0.4,1.1
Italy,ITA,2007,0.4,0,-0.1,-0.2
Italy,ITA,2008,0.9,-0.8,-1.3,-2.4
Italy,ITA,2009,-2.9,-0.5,0.6,0.1
Italy,ITA,2010,0.5,0.8,0.5,0.4
Italy,ITA,2011,0.3,0.2,-0.5,-1
Italy,ITA,2012,-1,-0.7,-0.5,-0.5
Italy,ITA,2013,-0.8,-0.2,0,0
Italy,ITA,2014,-0.1,-0.2,-0.1,-0.1
Italy,ITA,2015,0.4,0.3,0.2,.
Japan,JPN,1980,0.4,-0.5,2.2,2.1
Japan,JPN,1981,0.6,1.2,-0.2,0.7
Japan,JPN,1982,1.5,0.7,0.4,1.4
Japan,JPN,1983,0.1,0.8,1.5,0.8
Japan,JPN,1984,1.2,1.5,1.2,0.2
Japan,JPN,1985,2.5,2,1.3,1.3
Japan,JPN,1986,0.4,-0.2,0.6,0.8
Japan,JPN,1987,-0.1,2.1,2,2.6
Japan,JPN,1988,2.4,-0.1,2.2,1.1
Japan,JPN,1989,2.7,-1.3,1.7,3.1
Japan,JPN,1990,-0.5,3.2,1.7,-0.2
Japan,JPN,1991,0.9,1.2,-0.2,0.7
Japan,JPN,1992,0,0.4,0.1,-0.6
Japan,JPN,1993,1.1,-0.6,-0.7,0.6
Japan,JPN,1994,1,-1.1,2,-1.1
Japan,JPN,1995,0.6,1.4,0.7,0
Japan,JPN,1996,0.8,1,0,1.5
Japan,JPN,1997,0.7,-0.9,0.4,-0.1
Japan,JPN,1998,-1.9,-0.5,0.3,0.5
Japan,JPN,1999,-0.9,0.4,-0.2,0.5
Japan,JPN,2000,1.6,0.2,-0.3,0.7
Japan,JPN,2001,0.6,-0.2,-1.1,-0.1
Japan,JPN,2002,-0.2,1.1,0.6,0.4
Japan,JPN,2003,-0.6,1.3,0.4,1
Japan,JPN,2004,0.9,0.1,0.1,-0.3
Japan,JPN,2005,0.2,1.3,0.4,0.2
Japan,JPN,2006,0.4,0.4,-0.1,1.3
Japan,JPN,2007,1,0.2,-0.4,0.9
Japan,JPN,2008,0.7,-1.2,-1,-3.3
Japan,JPN,2009,-4,1.7,0.1,1.7
Japan,JPN,2010,1.4,1.1,1.5,-0.5
Japan,JPN,2011,-2,-0.6,2.7,0.2
Japan,JPN,2012,0.9,-0.3,-0.5,-0.1
Japan,JPN,2013,1,0.8,0.5,-0.2
Japan,JPN,2014,1.2,-1.9,-0.7,0.5
Japan,JPN,2015,1.1,-0.1,0.3,.
"Korea, Republic of",KOR,1980,0.8,-0.6,1.9,-2.6
"Korea, Republic of",KOR,1981,4.1,2.2,4.1,1.6
"Korea, Republic of",KOR,1982,0.8,2.1,2.2,3.2
"Korea, Republic of",KOR,1983,4.5,2.7,3.9,0.7
"Korea, Republic of",KOR,1984,4.4,2.2,1.6,0.5
"Korea, Republic of",KOR,1985,2.5,2.3,1.5,3
"Korea, Republic of",KOR,1986,1.5,4,4.7,1.4
"Korea, Republic of",KOR,1987,2.6,5.1,1.4,1.9
"Korea, Republic of",KOR,1988,7.2,-2,4,2.6
"Korea, Republic of",KOR,1989,-0.1,1.4,3.4,3.5
"Korea, Republic of",KOR,1990,1.2,1.8,3.9,1.6
"Korea, Republic of",KOR,1991,3.6,1.4,2.3,2.3
"Korea, Republic of",KOR,1992,1.9,0.7,0,1.6
"Korea, Republic of",KOR,1993,2,2.7,1.6,2.1
"Korea, Republic of",KOR,1994,2.9,1.8,1.4,4.1
"Korea, Republic of",KOR,1995,2.2,2,1.8,1.8
"Korea, Republic of",KOR,1996,2.1,1.8,1.7,1.5
"Korea, Republic of",KOR,1997,0.6,3.5,0.8,-0.6
"Korea, Republic of",KOR,1998,-7,-0.6,1.5,2.3
"Korea, Republic of",KOR,1999,3,4.5,2.6,3
"Korea, Republic of",KOR,2000,1.7,1.5,2.9,-0.7
"Korea, Republic of",KOR,2001,1,1.6,1.5,1.4
"Korea, Republic of",KOR,2002,2.3,2,1.9,0.9
"Korea, Republic of",KOR,2003,-0.7,0,1.6,2.6
"Korea, Republic of",KOR,2004,1.3,0.7,0.3,0.6
"Korea, Republic of",KOR,2005,0.8,1.8,1.3,1
"Korea, Republic of",KOR,2006,1.8,0.6,1.6,0.6
"Korea, Republic of",KOR,2007,1.7,1.6,1.1,1.9
"Korea, Republic of",KOR,2008,0.5,0.5,0.9,-3.3
"Korea, Republic of",KOR,2009,0.1,1.5,2.8,0.4
"Korea, Republic of",KOR,2010,2.2,1.7,1,1
"Korea, Republic of",KOR,2011,1,0.6,0.7,0.6
"Korea, Republic of",KOR,2012,0.6,0.5,0.4,0.6
"Korea, Republic of",KOR,2013,0.6,1,0.9,0.9
"Korea, Republic of",KOR,2014,1.1,0.5,0.8,0.3
"Korea, Republic of",KOR,2015,0.8,0.3,1.3,0.6
Latvia,LVA,1980,.,.,.,.
Latvia,LVA,1981,.,.,.,.
Latvia,LVA,1982,.,.,.,.
Latvia,LVA,1983,.,.,.,.
Latvia,LVA,1984,.,.,.,.
Latvia,LVA,1985,.,.,.,.
Latvia,LVA,1986,.,.,.,.
Latvia,LVA,1987,.,.,.,.
Latvia,LVA,1988,.,.,.,.
Latvia,LVA,1989,.,.,.,.
Latvia,LVA,1990,.,.,.,.
Latvia,LVA,1991,.,.,.,.
Latvia,LVA,1992,.,.,.,.
Latvia,LVA,1993,.,.,.,.
Latvia,LVA,1994,.,.,.,.
Latvia,LVA,1995,.,-0.3,-1.5,-0.7
Latvia,LVA,1996,0.2,0.2,3.4,5.2
Latvia,LVA,1997,-0.4,3.9,2.2,0.9
Latvia,LVA,1998,4.2,0.1,-0.3,-1.4
Latvia,LVA,1999,3.1,-1.8,2.5,1.7
Latvia,LVA,2000,1.5,0.1,3.2,-0.5
Latvia,LVA,2001,1.2,5.2,-1.2,3.1
Latvia,LVA,2002,0.6,2.8,1.1,3.8
Latvia,LVA,2003,1.4,2.1,2.2,1.2
Latvia,LVA,2004,1.8,2.6,0.9,2.8
Latvia,LVA,2005,2.5,2,5,3.3
Latvia,LVA,2006,0.2,4.4,3.2,4.1
Latvia,LVA,2007,1.9,2,2.3,-0.4
Latvia,LVA,2008,-0.8,-2.1,-3.9,-2.5
Latvia,LVA,2009,-3.3,-6.2,-5.3,0.5
Latvia,LVA,2010,-0.3,-0.5,-0.2,1.7
Latvia,LVA,2011,1.1,3.5,2.1,0
Latvia,LVA,2012,0.4,0.8,1.7,0.5
Latvia,LVA,2013,1.6,-0.5,1.4,0.4
Latvia,LVA,2014,1,0.4,0.4,0.4
Latvia,LVA,2015,0.6,1.3,1,.
Lithuania,LTU,1980,.,.,.,.
Lithuania,LTU,1981,.,.,.,.
Lithuania,LTU,1982,.,.,.,.
Lithuania,LTU,1983,.,.,.,.
Lithuania,LTU,1984,.,.,.,.
Lithuania,LTU,1985,.,.,.,.
Lithuania,LTU,1986,.,.,.,.
Lithuania,LTU,1987,.,.,.,.
Lithuania,LTU,1988,.,.,.,.
Lithuania,LTU,1989,.,.,.,.
Lithuania,LTU,1990,.,.,.,.
Lithuania,LTU,1991,.,.,.,.
Lithuania,LTU,1992,.,.,.,.
Lithuania,LTU,1993,.,.,.,.
Lithuania,LTU,1994,.,.,.,.
Lithuania,LTU,1995,.,2.3,-0.3,2.6
Lithuania,LTU,1996,0.8,-0.6,4.1,0.5
Lithuania,LTU,1997,1.5,2.9,3.4,1.8
Lithuania,LTU,1998,1.6,2.1,1,-0.1
Lithuania,LTU,1999,-1.7,0.9,-1.9,0.1
Lithuania,LTU,2000,2.8,1,1.1,1.7
Lithuania,LTU,2001,2.9,-0.2,2.2,2.5
Lithuania,LTU,2002,0.3,3,1.7,1.2
Lithuania,LTU,2003,4.8,1.3,2.7,1.7
Lithuania,LTU,2004,1.1,1.7,0.5,2.7
Lithuania,LTU,2005,2,1.4,2.9,2.3
Lithuania,LTU,2006,0.3,2.4,1.7,3
Lithuania,LTU,2007,3,2.9,2.7,1.8
Lithuania,LTU,2008,-0.8,1.1,-1.4,-1.1
Lithuania,LTU,2009,-12.4,-1.3,0.2,-1.5
Lithuania,LTU,2010,1.5,1.1,0,2.5
Lithuania,LTU,2011,2.3,1.3,0.7,1.2
Lithuania,LTU,2012,0,0.7,2.8,0.2
Lithuania,LTU,2013,0.5,0.8,0.9,1.3
Lithuania,LTU,2014,0.9,0.4,0.1,0.2
Lithuania,LTU,2015,0.7,0.4,0.5,.
Luxembourg,LUX,1980,0.3,0.2,-0.1,-0.3
Luxembourg,LUX,1981,-0.3,-0.2,0,0.3
Luxembourg,LUX,1982,0.4,0.4,0.3,0.3
Luxembourg,LUX,1983,0.5,0.9,1.5,2
Luxembourg,LUX,1984,2,1.6,0.7,0
Luxembourg,LUX,1985,0,0.5,1.7,2.9
Luxembourg,LUX,1986,3.2,2.8,1.9,0.9
Luxembourg,LUX,1987,0.4,0.4,0.9,1.7
Luxembourg,LUX,1988,2.2,2.6,2.9,2.9
Luxembourg,LUX,1989,2.6,2.1,1.5,0.9
Luxembourg,LUX,1990,0.8,1.1,1.9,2.6
Luxembourg,LUX,1991,2.7,2.2,1.3,0.4
Luxembourg,LUX,1992,-0.1,-0.1,0.4,0.9
Luxembourg,LUX,1993,1.3,1.4,1.3,1.2
Luxembourg,LUX,1994,0.9,0.8,0.6,0.4
Luxembourg,LUX,1995,-0.5,-0.8,1.2,4.7
Luxembourg,LUX,1996,-3.8,1.9,-0.5,1.7
Luxembourg,LUX,1997,1.3,2.4,1.9,1.1
Luxembourg,LUX,1998,0.8,2.7,1.8,0.7
Luxembourg,LUX,1999,3.3,2.4,2.9,-1.8
Luxembourg,LUX,2000,7.4,-0.3,2.6,-3.2
Luxembourg,LUX,2001,5.1,-3.6,1.6,1.2
Luxembourg,LUX,2002,2.9,1.4,-1.6,-1.2
Luxembourg,LUX,2003,-0.6,3.4,-0.4,4.4
Luxembourg,LUX,2004,-1.5,0.9,2.1,1.3
Luxembourg,LUX,2005,-0.7,0.9,1.8,0.4
Luxembourg,LUX,2006,2,0.3,1.6,2.3
Luxembourg,LUX,2007,3.2,2.9,0.9,-0.9
Luxembourg,LUX,2008,1.4,-1,-1.1,-5.8
Luxembourg,LUX,2009,-0.3,-1.2,1.7,0.7
Luxembourg,LUX,2010,2.1,2.6,0.7,0.6
Luxembourg,LUX,2011,1.3,-0.6,0.7,-0.1
Luxembourg,LUX,2012,-2.7,1.7,0.3,1.6
Luxembourg,LUX,2013,0.8,2.1,0.2,0.1
Luxembourg,LUX,2014,1.1,0.7,1.7,3.2
Luxembourg,LUX,2015,-0.2,1.4,0.9,.
"Macedonia, the former Yugoslav Republic of",MKD,2004,0.3,4.1,5.4,8.1
"Macedonia, the former Yugoslav Republic of",MKD,2005,2.3,8.2,4.4,2.6
"Macedonia, the former Yugoslav Republic of",MKD,2006,6.1,3.6,6.7,4
"Macedonia, the former Yugoslav Republic of",MKD,2007,6.6,5.1,5.5,7.4
"Macedonia, the former Yugoslav Republic of",MKD,2008,6.2,6.6,5.8,1.7
"Macedonia, the former Yugoslav Republic of",MKD,2009,-1.4,-2.4,-2.1,2
"Macedonia, the former Yugoslav Republic of",MKD,2010,0,2.5,4.5,4
"Macedonia, the former Yugoslav Republic of",MKD,2011,6.1,3.6,1.2,1
"Macedonia, the former Yugoslav Republic of",MKD,2012,-1.1,-1.5,0.8,0
"Macedonia, the former Yugoslav Republic of",MKD,2013,2.4,3.3,2.8,3.1
"Macedonia, the former Yugoslav Republic of",MKD,2014,3.9,,,
"Macedonia, the former Yugoslav Republic of",MKD,1998,4.5,5,2.8,1.4
"Macedonia, the former Yugoslav Republic of",MKD,1999,-0.3,2.7,8.5,6.1
"Macedonia, the former Yugoslav Republic of",MKD,2000,12,6.1,1,0.2
"Macedonia, the former Yugoslav Republic of",MKD,2001,-6.3,-3.9,-6.4,-1.6
"Macedonia, the former Yugoslav Republic of",MKD,2002,-1.3,-0.4,0.8,4.1
"Macedonia, the former Yugoslav Republic of",MKD,2003,1.8,3,5.4,1.2
Malta,MLT,2000,,3.2,-2,2
Malta,MLT,2001,-1.8,0.8,1,-2.1
Malta,MLT,2002,4.1,-0.6,-0.1,-1.2
Malta,MLT,2003,1,0.1,0.8,1.4
Malta,MLT,2004,-0.9,-2.4,1.5,1.1
Malta,MLT,2005,0.1,2.4,0.6,1.8
Malta,MLT,2006,-0.9,1.4,0.3,0.4
Malta,MLT,2007,3.1,-0.9,1.4,0.3
Malta,MLT,2008,1.6,1.7,1.4,-2.1
Malta,MLT,2009,-3.6,0.3,1.1,2
Malta,MLT,2010,0.9,-0.4,1.8,2.1
Malta,MLT,2011,-0.6,-1.1,0.8,0.4
Malta,MLT,2012,-0.2,0.5,0.7,0.7
Malta,MLT,2013,0.1,2.4,-0.5,0.8
Malta,MLT,2014,1.1,1.3,,
Mexico,MEX,1980,2.8,0.7,2.2,2.9
Mexico,MEX,1981,2.2,2.6,0.5,1.8
Mexico,MEX,1982,-1.9,0.2,-0.7,-2.2
Mexico,MEX,1983,-0.7,-2,0.8,1.2
Mexico,MEX,1984,2.8,-1.5,2.4,-0.9
Mexico,MEX,1985,1.8,-0.1,0.6,-0.3
Mexico,MEX,1986,-1.9,-0.4,-1.9,-0.3
Mexico,MEX,1987,0.6,2.7,0.1,1.2
Mexico,MEX,1988,-0.7,-0.3,0.1,2
Mexico,MEX,1989,1.9,0,1.9,-0.9
Mexico,MEX,1990,2.2,2.2,1.4,1.3
Mexico,MEX,1991,0.3,1.5,0.2,1.8
Mexico,MEX,1992,0,1.6,0.9,0.1
Mexico,MEX,1993,-0.2,0.5,1.1,0.9
Mexico,MEX,1994,1.2,1.7,1,1.3
Mexico,MEX,1995,-5.4,-4.3,1.5,1.4
Mexico,MEX,1996,2.3,1.4,1.5,2.8
Mexico,MEX,1997,0.9,2,1.9,2.2
Mexico,MEX,1998,0.9,0.6,0.5,0.1
Mexico,MEX,1999,1.5,-0.3,1.2,1.2
Mexico,MEX,2000,2.1,1.6,0.6,-0.4
Mexico,MEX,2001,-0.6,-0.3,0.3,-0.3
Mexico,MEX,2002,-0.8,0.8,0.7,0.2
Mexico,MEX,2003,0.2,0.3,0,1.2
Mexico,MEX,2004,1.6,1.2,0.2,1.5
Mexico,MEX,2005,0.6,0,1.2,1.6
Mexico,MEX,2006,1.7,1.4,0.4,0.3
Mexico,MEX,2007,1.1,1.1,0.6,0.8
Mexico,MEX,2008,0.2,0.5,-0.1,-1.9
Mexico,MEX,2009,-3.9,-1,2.1,1.7
Mexico,MEX,2010,1.3,1.4,0.9,0.8
Mexico,MEX,2011,1.1,0.8,1.5,0.8
Mexico,MEX,2012,0.9,1.3,0.3,0.9
Mexico,MEX,2013,0.6,-1.1,1.2,0.4
Mexico,MEX,2014,0.6,0.7,0.6,0.7
Mexico,MEX,2015,0.5,0.6,0.8,0.6
Montenegro,MNE,2011,-0.3,6.6,9.7,0
Montenegro,MNE,2012,-3.7,-2.3,-2,-2.6
Montenegro,MNE,2013,6.1,4.3,6.4,5.8
Montenegro,MNE,2014,4.1,1.6,2.1,4.1
Montenegro,MNE,2015,2,5.8,4.5,
Netherlands,NLD,1980,-0.1,-1.9,-0.7,2.3
Netherlands,NLD,1981,-1,0,-0.9,0.1
Netherlands,NLD,1982,0.9,-2.4,1.1,-2.1
Netherlands,NLD,1983,0.8,2.7,1.5,-0.7
Netherlands,NLD,1984,1.7,-0.1,1.1,0.2
Netherlands,NLD,1985,0.4,2,-1,2.4
Netherlands,NLD,1986,0.2,1.7,0.3,-1.3
Netherlands,NLD,1987,0.2,1.6,1.1,0.8
Netherlands,NLD,1988,0.1,0.8,0.9,0.9
Netherlands,NLD,1989,1.5,1.2,0.9,0.8
Netherlands,NLD,1990,1.3,0.8,1.4,0.8
Netherlands,NLD,1991,-0.4,1.2,0.4,1.1
Netherlands,NLD,1992,0.7,-0.9,0.3,0.4
Netherlands,NLD,1993,0.6,0.2,0.8,-0.6
Netherlands,NLD,1994,1.5,1.2,0.8,0.9
Netherlands,NLD,1995,0.7,0.8,0.8,0.7
Netherlands,NLD,1996,0.3,1.2,1.5,0.7
Netherlands,NLD,1997,1,1,1.5,1.3
Netherlands,NLD,1998,1.2,0.7,0.8,0.9
Netherlands,NLD,1999,1.8,1.2,1.2,1.4
Netherlands,NLD,2000,0.8,1.1,0.9,1.1
Netherlands,NLD,2001,0.1,0.4,0.1,0.1
Netherlands,NLD,2002,-0.5,0.3,0.3,0.1
Netherlands,NLD,2003,0.2,-0.3,0,0.6
Netherlands,NLD,2004,1,0.4,0.3,0.1
Netherlands,NLD,2005,0.5,0.9,1.2,0.6
Netherlands,NLD,2006,0.7,1.5,0.6,0.8
Netherlands,NLD,2007,1.1,0.4,1.3,1.4
Netherlands,NLD,2008,-0.1,0.4,-0.3,-0.7
Netherlands,NLD,2009,-3.3,-0.2,0.3,0.6
Netherlands,NLD,2010,-0.1,0.6,0.3,1.2
Netherlands,NLD,2011,0.7,-0.1,0,-0.7
Netherlands,NLD,2012,-0.2,0.2,-0.4,-0.9
Netherlands,NLD,2013,0.3,-0.4,0.5,0.5
Netherlands,NLD,2014,-0.4,0.5,0.5,0.9
Netherlands,NLD,2015,0.6,0.1,0.1,.
New Zealand,NZL,1980,.,.,.,.
New Zealand,NZL,1981,.,.,.,.
New Zealand,NZL,1982,.,.,.,.
New Zealand,NZL,1983,.,.,.,.
New Zealand,NZL,1984,.,.,.,.
New Zealand,NZL,1985,.,.,.,.
New Zealand,NZL,1986,.,.,.,.
New Zealand,NZL,1987,.,.,0.5,0.5
New Zealand,NZL,1988,-0.4,-0.5,0.2,-0.9
New Zealand,NZL,1989,1.3,0.6,-1.1,-0.2
New Zealand,NZL,1990,-0.2,0,0.9,1.2
New Zealand,NZL,1991,-2.4,-0.7,0.3,0.7
New Zealand,NZL,1992,0.3,0,-0.7,1.3
New Zealand,NZL,1993,1.6,2.2,2,0.9
New Zealand,NZL,1994,1.5,0.7,1.7,1.3
New Zealand,NZL,1995,1.2,1.2,0.9,0.7
New Zealand,NZL,1996,1.4,0.9,0.7,1.3
New Zealand,NZL,1997,-0.4,2,-0.3,-0.3
New Zealand,NZL,1998,-0.7,0.4,0.2,1
New Zealand,NZL,1999,1.2,0.8,2.8,1.2
New Zealand,NZL,2000,1.4,0,0.4,0.2
New Zealand,NZL,2001,0.3,1.4,0.8,1.5
New Zealand,NZL,2002,0.9,1.4,1.2,1.4
New Zealand,NZL,2003,0.6,0.5,2.1,1.3
New Zealand,NZL,2004,1.6,0.9,0.1,0.4
New Zealand,NZL,2005,1.1,1.8,0.4,-0.3
New Zealand,NZL,2006,1.6,0.5,0.7,0.7
New Zealand,NZL,2007,1.2,0.8,0.8,0.2
New Zealand,NZL,2008,-0.3,-0.6,-0.4,-0.4
New Zealand,NZL,2009,-1.3,-0.1,0.3,1
New Zealand,NZL,2010,0.3,0.7,-0.3,-0.4
New Zealand,NZL,2011,1.1,0.7,0.9,0.6
New Zealand,NZL,2012,0.7,0.3,0.3,1.5
New Zealand,NZL,2013,-0.1,0.8,0.8,0.5
New Zealand,NZL,2014,1.3,0.9,0.9,0.9
New Zealand,NZL,2015,0.2,0.3,0.9,.
Norway,NOR,1980,3.9,-2,-1.8,2.2
Norway,NOR,1981,1.7,0.4,-1.2,0
Norway,NOR,1982,0.7,0,0,0.3
Norway,NOR,1983,1.9,1.1,1.4,0
Norway,NOR,1984,2.7,0.6,2.9,2.1
Norway,NOR,1985,2,-1.4,2.9,1
Norway,NOR,1986,1.9,-1.4,2.6,0.5
Norway,NOR,1987,-0.4,2.2,-2.6,1.8
Norway,NOR,1988,-0.4,-1.5,0.8,0.1
Norway,NOR,1989,-0.7,1.2,1,0.7
Norway,NOR,1990,-0.4,1.1,-1,2.7
Norway,NOR,1991,0.8,0.5,-0.2,0.7
Norway,NOR,1992,2.1,0.5,1.3,-0.7
Norway,NOR,1993,-0.7,1.7,2,3.6
Norway,NOR,1994,-1.1,2.3,-1.4,4
Norway,NOR,1995,-0.8,0.9,2.4,1.2
Norway,NOR,1996,1.5,-0.1,3.3,-1.6
Norway,NOR,1997,2.7,2.4,-0.1,1.4
Norway,NOR,1998,1,1.1,-1.8,0.5
Norway,NOR,1999,0.7,0,2.1,1.7
Norway,NOR,2000,1.5,-1.4,1,0
Norway,NOR,2001,1.2,-0.2,1.2,0.9
Norway,NOR,2002,-0.9,2.1,-1.5,1.1
Norway,NOR,2003,0,-0.5,1.4,0
Norway,NOR,2004,3.5,0.2,-1.2,1
Norway,NOR,2005,1.7,0.5,0.8,0.2
Norway,NOR,2006,0.6,0.1,1,1.8
Norway,NOR,2007,0,0,1.3,1.1
Norway,NOR,2008,-1.3,0,-0.2,0.3
Norway,NOR,2009,-0.7,-0.9,0.1,0.1
Norway,NOR,2010,1.9,-1.1,-2.5,2.8
Norway,NOR,2011,0,-0.4,1.6,0.1
Norway,NOR,2012,2.1,0.3,-1.5,0.8
Norway,NOR,2013,0,1.2,0.6,-0.3
Norway,NOR,2014,0.6,1.1,0.1,1.1
Norway,NOR,2015,0.2,0,1.8,.
Poland,POL,1980,.,.,.,.
Poland,POL,1981,.,.,.,.
Poland,POL,1982,.,.,.,.
Poland,POL,1983,.,.,.,.
Poland,POL,1984,.,.,.,.
Poland,POL,1985,.,.,.,.
Poland,POL,1986,.,.,.,.
Poland,POL,1987,.,.,.,.
Poland,POL,1988,.,.,.,.
Poland,POL,1989,.,.,.,.
Poland,POL,1990,.,.,.,.
Poland,POL,1991,.,.,.,.
Poland,POL,1992,.,.,.,.
Poland,POL,1993,.,.,.,.
Poland,POL,1994,.,.,.,.
Poland,POL,1995,.,1.9,2.5,1.5
Poland,POL,1996,2,2.1,1.2,-3.2
Poland,POL,1997,6.1,1.5,1.2,1.6
Poland,POL,1998,1.8,0.9,1.2,-1.6
Poland,POL,1999,1.9,2,2.1,1.2
Poland,POL,2000,0.9,1.1,0,1
Poland,POL,2001,0.2,-0.3,0.6,-0.1
Poland,POL,2002,0.4,0.4,0.7,0.8
Poland,POL,2003,0.2,1.8,1.5,0.9
Poland,POL,2004,1.9,1.1,0,1.4
Poland,POL,2005,0.6,0.6,1.7,0.9
Poland,POL,2006,1.7,1.7,2,1.5
Poland,POL,2007,2.1,1.6,1.3,2.1
Poland,POL,2008,0.5,0.7,0.6,-0.4
Poland,POL,2009,1.3,0.4,0.5,1.5
Poland,POL,2010,0.3,1.4,1.2,1.1
Poland,POL,2011,1.5,1.2,1.1,0.9
Poland,POL,2012,0.3,-0.2,0.2,-0.1
Poland,POL,2013,0.1,0.9,0.7,0.6
Poland,POL,2014,1,0.9,0.8,1
Poland,POL,2015,0.9,0.8,0.9,.
Portugal,PRT,1980,1.6,0,-0.3,1.7
Portugal,PRT,1981,0.4,0.1,-0.2,0.5
Portugal,PRT,1982,2.4,-1.3,0.5,0.8
Portugal,PRT,1983,0.9,-0.9,-1.5,-0.7
Portugal,PRT,1984,-0.8,-1,2.4,-0.2
Portugal,PRT,1985,1.1,1,-0.4,1.6
Portugal,PRT,1986,1.3,1.1,0.5,1.6
Portugal,PRT,1987,1.8,1.6,1.5,1.2
Portugal,PRT,1988,4.6,0.5,0.8,1.3
Portugal,PRT,1989,3.8,-1.4,2,0.8
Portugal,PRT,1990,1,1.9,0.7,2.7
Portugal,PRT,1991,-2.3,2,1.1,0
Portugal,PRT,1992,1.8,-0.9,-0.3,-0.2
Portugal,PRT,1993,-1.3,0.1,0.7,0.3
Portugal,PRT,1994,0.3,1.3,0.5,1.2
Portugal,PRT,1995,0.1,1.2,0.5,0.7
Portugal,PRT,1996,0.6,1.3,1.5,0.4
Portugal,PRT,1997,1.5,0.9,1.4,0.7
Portugal,PRT,1998,1.4,1.5,1.2,0.7
Portugal,PRT,1999,1.3,0.5,0.9,0.7
Portugal,PRT,2000,2.2,-0.6,1.4,0.8
Portugal,PRT,2001,-0.2,0.9,0.1,1.4
Portugal,PRT,2002,0.3,-0.5,-0.6,-0.6
Portugal,PRT,2003,0.1,-0.8,0.7,0.5
Portugal,PRT,2004,0.9,0.6,-0.1,-0.2
Portugal,PRT,2005,0.8,0.4,-0.6,0.2
Portugal,PRT,2006,0.8,0.9,-0.2,0.7
Portugal,PRT,2007,1.1,0.4,0.2,1.1
Portugal,PRT,2008,0,-0.5,-0.2,-1.3
Portugal,PRT,2009,-2.3,0.1,0.9,0
Portugal,PRT,2010,1,0.6,0.2,-0.3
Portugal,PRT,2011,-0.8,-0.5,-0.7,-1.6
Portugal,PRT,2012,-0.4,-1.4,-1.1,-1.6
Portugal,PRT,2013,0.3,0.7,-0.1,1
Portugal,PRT,2014,-0.5,0.5,0.2,0.4
Portugal,PRT,2015,0.5,0.5,0,.
Romania,ROU,1999,10.7,1.8,-3.8,-6.4
Romania,ROU,2000,21.9,6.8,-3.8,-10.5
Romania,ROU,2001,2.9,4.2,7.6,6.5
Romania,ROU,2002,3.4,5.7,5.3,5.4
Romania,ROU,2003,4.9,4.6,6,5.1
Romania,ROU,2004,6.1,7.1,9.6,9.8
Romania,ROU,2005,5.8,4.7,2.7,4.1
Romania,ROU,2006,6.9,7.9,8.2,8.1
Romania,ROU,2007,6.1,6.1,5.9,7
Romania,ROU,2008,8.4,9.6,9.5,3.4
Romania,ROU,2009,-5.9,-7.9,-7.3,-5.3
Romania,ROU,2010,-2.2,-0.5,-1.7,-0.5
Romania,ROU,2011,1.8,1.5,3.9,1.9
Romania,ROU,2012,0.1,2,-0.6,0.8
Romania,ROU,2013,2.1,1.4,4.2,5.4
Romania,ROU,2014,3.9,1.2,,
Russian Federation,RUS,1980,.,.,.,.
Russian Federation,RUS,1981,.,.,.,.
Russian Federation,RUS,1982,.,.,.,.
Russian Federation,RUS,1983,.,.,.,.
Russian Federation,RUS,1984,.,.,.,.
Russian Federation,RUS,1985,.,.,.,.
Russian Federation,RUS,1986,.,.,.,.
Russian Federation,RUS,1987,.,.,.,.
Russian Federation,RUS,1988,.,.,.,.
Russian Federation,RUS,1989,.,.,.,.
Russian Federation,RUS,1990,.,.,.,.
Russian Federation,RUS,1991,.,.,.,.
Russian Federation,RUS,1992,.,.,.,.
Russian Federation,RUS,1993,.,.,.,.
Russian Federation,RUS,1994,.,.,.,.
Russian Federation,RUS,1995,.,0.8,0.4,-2.1
Russian Federation,RUS,1996,-1.3,-0.5,-1.5,0.2
Russian Federation,RUS,1997,1.3,-1,2.4,1
Russian Federation,RUS,1998,-3.5,-1.1,-5.4,1
Russian Federation,RUS,1999,4.1,3.5,2,2.2
Russian Federation,RUS,2000,3.7,1.9,1.9,0.6
Russian Federation,RUS,2001,0.6,1.8,2.5,-0.5
Russian Federation,RUS,2002,0.4,1.8,2.6,1.1
Russian Federation,RUS,2003,2.4,1.1,1.7,1.8
Russian Federation,RUS,2004,1.9,1.9,1.5,1.1
Russian Federation,RUS,2005,1.7,1.5,1.8,2.1
Russian Federation,RUS,2006,1.9,1.9,2.3,1.9
Russian Federation,RUS,2007,1.8,2.5,2.2,3.2
Russian Federation,RUS,2008,2.7,0.6,-1.5,-3.3
Russian Federation,RUS,2009,-3.5,-1.5,0.4,1.1
Russian Federation,RUS,2010,2.1,1,0.5,1.3
Russian Federation,RUS,2011,0.8,1.2,1.5,1.2
Russian Federation,RUS,2012,0.8,0.6,0.2,0.1
Russian Federation,RUS,2013,0.5,0.2,0.4,0.3
Russian Federation,RUS,2014,0.1,0.5,-0.6,-0.7
Russian Federation,RUS,2015,-1.2,-1.3,-0.6,.
Serbia,SRB,1996,,3.2,-1.8,3.5
Serbia,SRB,1997,-0.1,0,6.3,5.6
Serbia,SRB,1998,-3.9,1.1,-3.4,1
Serbia,SRB,1999,-5.9,-13.9,7.1,5.9
Serbia,SRB,2000,2.9,1.6,2.2,-6.1
Serbia,SRB,2001,2.5,3.9,3.3,4.7
Serbia,SRB,2002,-2.6,2.7,2.5,1.5
Serbia,SRB,2003,-0.1,1.9,-0.7,1.5
Serbia,SRB,2004,4.5,0.4,2.5,5.7
Serbia,SRB,2005,-2.9,1.9,1.7,2.5
Serbia,SRB,2006,-0.5,0.9,1.9,2.2
Serbia,SRB,2007,-0.2,2.3,1.3,3.2
Serbia,SRB,2008,2,-0.2,0.1,-0.7
Serbia,SRB,2009,-1.7,-1.3,0.6,-0.8
Serbia,SRB,2010,0.9,0,0.9,-0.6
Serbia,SRB,2011,1,-0.2,0.6,1.1
Serbia,SRB,2012,-2.6,1.4,-0.3,-1.2
Serbia,SRB,2013,3.1,0,1,-0.9
Serbia,SRB,2014,-0.3,-0.8,-1.8,0.4
Serbia,SRB,2015,-0.8,2,-0.4,
Slovakia,SVK,1991,-6.3,-16.7,-13.5,-20.7
Slovakia,SVK,1992,-13.7,-4.7,-5.1,-2.5
Slovakia,SVK,1993,-2.4,-0.1,-3.1,-8.6
Slovakia,SVK,1994,5.3,5.2,7.3,7
Slovakia,SVK,1995,6.8,8.9,7.6,8.2
Slovakia,SVK,1996,6.3,7,7.3,7.2
Slovakia,SVK,1997,9.3,6.7,5.3,-2.9
Slovakia,SVK,1998,4.2,3.8,-0.6,10.5
Slovakia,SVK,1999,2,1.8,1.7,-5.3
Slovakia,SVK,2000,-2.9,0.9,1.8,5.7
Slovakia,SVK,2001,1.7,2,2.9,7.3
Slovakia,SVK,2002,3.9,2.5,7.8,4
Slovakia,SVK,2003,5.5,5.4,3.5,4.9
Slovakia,SVK,2004,4.3,2.9,7.4,5.5
Slovakia,SVK,2005,4.9,8.8,7.3,5.6
Slovakia,SVK,2006,7.4,8.3,7.9,9.7
Slovakia,SVK,2007,9,8.7,10.8,13.2
Slovakia,SVK,2008,9.4,6.7,6.3,1.3
Slovakia,SVK,2009,-5.2,-5.6,-5.3,-3.7
Slovakia,SVK,2010,5.2,4.6,4.1,3.9
Slovakia,SVK,2011,3,3.1,2.3,3.5
Slovakia,SVK,2012,2.7,2.3,1.9,0.4
Slovakia,SVK,2013,0.5,0.8,0.9,1.5
Slovakia,SVK,2014,2.4,2.5,,
Slovenia,SVN,1980,.,.,.,.
Slovenia,SVN,1981,.,.,.,.
Slovenia,SVN,1982,.,.,.,.
Slovenia,SVN,1983,.,.,.,.
Slovenia,SVN,1984,.,.,.,.
Slovenia,SVN,1985,.,.,.,.
Slovenia,SVN,1986,.,.,.,.
Slovenia,SVN,1987,.,.,.,.
Slovenia,SVN,1988,.,.,.,.
Slovenia,SVN,1989,.,.,.,.
Slovenia,SVN,1990,.,.,.,.
Slovenia,SVN,1991,.,.,.,.
Slovenia,SVN,1992,.,.,.,.
Slovenia,SVN,1993,.,.,.,.
Slovenia,SVN,1994,.,.,.,.
Slovenia,SVN,1995,.,0.7,0.2,0.4
Slovenia,SVN,1996,0.9,0.7,1.8,1.4
Slovenia,SVN,1997,0.8,2.1,0.7,0.7
Slovenia,SVN,1998,0.6,0.4,1,0.8
Slovenia,SVN,1999,1.5,3.6,-1.6,1.7
Slovenia,SVN,2000,0.8,2.1,1.1,0.7
Slovenia,SVN,2001,1,0.2,0.6,0.8
Slovenia,SVN,2002,1.7,0.1,0.9,1.7
Slovenia,SVN,2003,0,0.2,1.1,0.9
Slovenia,SVN,2004,0.8,1.2,1.3,0.4
Slovenia,SVN,2005,1.3,1.5,0.9,1.7
Slovenia,SVN,2006,0.9,2.1,1.7,2.2
Slovenia,SVN,2007,1.7,1.4,2,0.4
Slovenia,SVN,2008,1.4,1.1,-0.3,-3.8
Slovenia,SVN,2009,-4.5,-1.2,0.1,-0.2
Slovenia,SVN,2010,0.2,1,0.5,0.8
Slovenia,SVN,2011,0.1,0.3,-0.4,-0.7
Slovenia,SVN,2012,-0.2,-1.5,-0.5,-1.3
Slovenia,SVN,2013,-0.1,0.1,0.5,1.4
Slovenia,SVN,2014,0.2,1.1,0.8,0.3
Slovenia,SVN,2015,0.7,0.7,0.4,.
South Africa,ZAF,1980,2.1,1.9,1.7,0.2
South Africa,ZAF,1981,1.2,2.2,1.5,0.6
South Africa,ZAF,1982,-0.9,-0.8,0,-2.1
South Africa,ZAF,1983,-1.5,0.4,1.2,2.5
South Africa,ZAF,1984,1.7,2.1,-1.7,0.2
South Africa,ZAF,1985,-0.6,-0.7,-0.3,1.1
South Africa,ZAF,1986,-1.2,0.7,0.2,0.4
South Africa,ZAF,1987,0.7,0.4,0.4,1.2
South Africa,ZAF,1988,1.5,0.7,1.3,0.9
South Africa,ZAF,1989,0.6,0.4,0.1,-0.6
South Africa,ZAF,1990,0.1,-0.1,-0.1,0.1
South Africa,ZAF,1991,-0.8,-0.2,0,-0.2
South Africa,ZAF,1992,-0.7,-0.6,-1.2,-0.8
South Africa,ZAF,1993,0.9,1.1,1.4,0.7
South Africa,ZAF,1994,-0.1,1.1,1.1,1.7
South Africa,ZAF,1995,0.4,0.4,0.4,0.4
South Africa,ZAF,1996,1.4,1.9,1.1,0.9
South Africa,ZAF,1997,0.3,0.6,0.2,0.2
South Africa,ZAF,1998,0.1,0.1,-0.2,0.1
South Africa,ZAF,1999,0.9,0.8,1.1,1.1
South Africa,ZAF,2000,1.1,0.9,1,0.9
South Africa,ZAF,2001,0.6,0.5,0.3,0.8
South Africa,ZAF,2002,1.3,1.2,0.8,0.7
South Africa,ZAF,2003,0.9,0.5,0.5,0.6
South Africa,ZAF,2004,1.5,1.4,1.6,1.1
South Africa,ZAF,2005,1,1.8,1.4,0.7
South Africa,ZAF,2006,1.8,1.4,1.4,1.4
South Africa,ZAF,2007,1.6,0.8,1.2,1.4
South Africa,ZAF,2008,0.4,1.2,0.2,-0.6
South Africa,ZAF,2009,-1.6,-0.3,0.2,0.7
South Africa,ZAF,2010,1.2,0.6,1.1,1.1
South Africa,ZAF,2011,0.9,0.5,0.3,0.8
South Africa,ZAF,2012,0.4,0.9,0.3,0.4
South Africa,ZAF,2013,0.3,0.9,0.3,1.2
South Africa,ZAF,2014,-0.4,0.1,0.5,1
South Africa,ZAF,2015,0.3,-0.3,0.2,.
Spain,ESP,1980,0.7,0.3,-0.4,0.6
Spain,ESP,1981,-0.6,-0.1,0.4,-0.1
Spain,ESP,1982,0.4,0.4,0.7,0.4
Spain,ESP,1983,0.4,0.6,0.1,0.6
Spain,ESP,1984,0.8,-0.3,0.9,0.1
Spain,ESP,1985,1.1,-0.1,1,1.1
Spain,ESP,1986,0.3,2.4,-0.7,0.6
Spain,ESP,1987,2,1.5,2.1,2
Spain,ESP,1988,0.3,1.2,1.8,-0.2
Spain,ESP,1989,2.4,1,1.3,-0.2
Spain,ESP,1990,0.9,1.7,-0.3,3.8
Spain,ESP,1991,-1.9,1.2,0.8,0.5
Spain,ESP,1992,1,-1.3,0.1,-0.7
Spain,ESP,1993,-0.9,0,1.2,0.4
Spain,ESP,1994,0.8,0.2,0.8,0.4
Spain,ESP,1995,1.1,0.7,0.5,0.7
Spain,ESP,1996,0.6,0.6,1,0.4
Spain,ESP,1997,1.1,1,1,1.4
Spain,ESP,1998,1,0.8,1.2,1
Spain,ESP,1999,0.8,1.5,1.2,1.2
Spain,ESP,2000,1.6,1.2,1.1,1.1
Spain,ESP,2001,1,0.8,1,0.7
Spain,ESP,2002,0.6,0.8,0.6,0.8
Spain,ESP,2003,1,0.7,0.7,1
Spain,ESP,2004,0.6,0.8,1,0.6
Spain,ESP,2005,1,1,1,1
Spain,ESP,2006,1.1,1,1,0.9
Spain,ESP,2007,1,0.8,0.8,0.9
Spain,ESP,2008,0.5,0.1,-0.8,-1
Spain,ESP,2009,-1.6,-1,-0.3,-0.1
Spain,ESP,2010,0.3,0.2,0,0
Spain,ESP,2011,-0.4,-0.5,-0.4,-0.5
Spain,ESP,2012,-0.8,-0.8,-0.6,-1
Spain,ESP,2013,-0.4,-0.3,0.1,0.2
Spain,ESP,2014,0.4,0.5,0.6,0.7
Spain,ESP,2015,0.9,1,0.8,0.8
Sweden,SWE,1980,3.1,-4.8,3.8,-2
Sweden,SWE,1981,0.6,-0.1,0.8,-1.1
Sweden,SWE,1982,0.3,2.1,-1.2,1.9
Sweden,SWE,1983,-1.1,0.8,1.1,2
Sweden,SWE,1984,2.3,-1.5,1.3,0.9
Sweden,SWE,1985,0.1,1.1,1.1,-1
Sweden,SWE,1986,2,0.5,0.5,0.3
Sweden,SWE,1987,0.5,2.2,1.1,0.3
Sweden,SWE,1988,0.5,0.2,0.2,2.1
Sweden,SWE,1989,0.2,0.7,0,1.3
Sweden,SWE,1990,0.2,-0.3,-0.8,1.1
Sweden,SWE,1991,-0.3,-1.1,-0.5,-0.2
Sweden,SWE,1992,0.9,-0.5,-1.4,-1.4
Sweden,SWE,1993,-1.1,0.6,1.3,-0.6
Sweden,SWE,1994,1.9,1.1,1,1.4
Sweden,SWE,1995,1.4,0.5,0.4,1.3
Sweden,SWE,1996,0.4,-0.7,0.5,0.8
Sweden,SWE,1997,0.6,1.2,1,1.7
Sweden,SWE,1998,0.2,1.6,0.5,1.1
Sweden,SWE,1999,1.5,0.3,1,1.8
Sweden,SWE,2000,0.7,2.2,0.9,0.3
Sweden,SWE,2001,-0.2,0.5,0.6,0.6
Sweden,SWE,2002,0,1.4,0.2,0.5
Sweden,SWE,2003,1.2,-0.4,1.4,0.6
Sweden,SWE,2004,1.5,0.7,0.9,0.8
Sweden,SWE,2005,0.1,1,1,0.7
Sweden,SWE,2006,1.9,1.2,1.3,0.6
Sweden,SWE,2007,0.8,0.8,0.8,1.3
Sweden,SWE,2008,-1.4,0.2,-0.2,-3.7
Sweden,SWE,2009,-2.5,0.1,0.1,0.6
Sweden,SWE,2010,2.3,2.2,1.3,1.9
Sweden,SWE,2011,-0.2,0.3,1,-1.6
Sweden,SWE,2012,0.3,0.7,0,-0.3
Sweden,SWE,2013,1,-0.4,0.8,0.9
Sweden,SWE,2014,0.4,0.7,0.4,1.1
Sweden,SWE,2015,0.8,1,0.8,.
Switzerland,CHE,1980,1.8,0.3,0.5,0.9
Switzerland,CHE,1981,-1.4,2,0.8,0.1
Switzerland,CHE,1982,-0.3,-1.9,-1.2,-0.6
Switzerland,CHE,1983,1.3,0.7,0.5,0.6
Switzerland,CHE,1984,0.9,0.4,1.4,1.1
Switzerland,CHE,1985,1.4,0.5,0.3,0.5
Switzerland,CHE,1986,0.9,0.3,0.2,-0.1
Switzerland,CHE,1987,0.5,0.4,1.2,0.2
Switzerland,CHE,1988,1.2,0.7,0.8,1
Switzerland,CHE,1989,1.2,1.2,1.1,1.3
Switzerland,CHE,1990,1.7,0.4,-0.2,-0.3
Switzerland,CHE,1991,-0.1,-0.6,-0.3,0.1
Switzerland,CHE,1992,0.8,-0.3,-0.7,-0.7
Switzerland,CHE,1993,0,0.6,0.2,0.6
Switzerland,CHE,1994,0.5,-0.4,0.7,0.1
Switzerland,CHE,1995,-0.4,0.1,1,0.2
Switzerland,CHE,1996,0.1,-0.2,-0.4,0.4
Switzerland,CHE,1997,0.5,1,1.3,1
Switzerland,CHE,1998,0.5,1,0.1,-0.5
Switzerland,CHE,1999,0.2,0.8,0.5,2.1
Switzerland,CHE,2000,0.8,0.6,1.1,0.8
Switzerland,CHE,2001,0.1,0.2,0.1,-0.3
Switzerland,CHE,2002,0.4,0.1,-0.1,-0.4
Switzerland,CHE,2003,-0.3,-0.1,0.9,1.2
Switzerland,CHE,2004,0.8,0.3,0.3,0.2
Switzerland,CHE,2005,1,1.2,0.9,1.1
Switzerland,CHE,2006,1.1,0.9,0.9,1.3
Switzerland,CHE,2007,1,1.1,0.8,0.8
Switzerland,CHE,2008,1,0.3,0.3,-1.9
Switzerland,CHE,2009,-1.4,0,0.8,0.5
Switzerland,CHE,2010,1,0.8,0.5,0.8
Switzerland,CHE,2011,0.3,0.7,-0.2,0.7
Switzerland,CHE,2012,-0.1,0.3,0.5,0.4
Switzerland,CHE,2013,0,1,0.4,0.4
Switzerland,CHE,2014,0.5,0.1,0.6,0.7
Switzerland,CHE,2015,-0.3,0.2,0,.
"Taiwan, Province of China",TWN,1980,7.9,8.4,7.8,8
"Taiwan, Province of China",TWN,1981,7.2,7.1,8.4,5.8
"Taiwan, Province of China",TWN,1982,4.6,5.1,4.7,4.8
"Taiwan, Province of China",TWN,1983,4.3,8.4,11.3,11.8
"Taiwan, Province of China",TWN,1984,11.9,11.7,9.7,7.3
"Taiwan, Province of China",TWN,1985,5.7,4.2,3.6,5.8
"Taiwan, Province of China",TWN,1986,10.2,9.6,12.3,13.8
"Taiwan, Province of China",TWN,1987,13.2,14.3,13.6,10
"Taiwan, Province of China",TWN,1988,8.7,7,8.1,8.4
"Taiwan, Province of China",TWN,1989,9.1,9.4,8.5,8.1
"Taiwan, Province of China",TWN,1990,7.5,4.1,4.3,6.8
"Taiwan, Province of China",TWN,1991,7,8.6,9.2,8.5
"Taiwan, Province of China",TWN,1992,10.5,8.5,7.9,6.5
"Taiwan, Province of China",TWN,1993,6.7,7.1,6.6,6.8
"Taiwan, Province of China",TWN,1994,6,7.7,7,9.2
"Taiwan, Province of China",TWN,1995,7.6,6.5,7,5.2
"Taiwan, Province of China",TWN,1996,5.7,5.8,6.2,6.9
"Taiwan, Province of China",TWN,1997,5.7,5.6,6.3,6.9
"Taiwan, Province of China",TWN,1998,4.9,4.3,4.7,3.1
"Taiwan, Province of China",TWN,1999,6.3,7.3,5.9,7.5
"Taiwan, Province of China",TWN,2000,6,6.2,7.4,6.1
"Taiwan, Province of China",TWN,2001,1.6,-2.4,-3.8,-0.2
"Taiwan, Province of China",TWN,2002,2,6.9,7,6.3
"Taiwan, Province of China",TWN,2003,4.9,-0.7,5.2,6.9
"Taiwan, Province of China",TWN,2004,6.5,10,6.6,3.5
"Taiwan, Province of China",TWN,2005,3.5,4.9,5.5,7.6
"Taiwan, Province of China",TWN,2006,6.1,6.1,6.7,3.9
"Taiwan, Province of China",TWN,2007,5.2,6.3,7.7,6.8
"Taiwan, Province of China",TWN,2008,7.7,5.5,-1.3,-7.7
"Taiwan, Province of China",TWN,2009,-7.9,-6.1,-1.2,9
"Taiwan, Province of China",TWN,2010,12.5,12.4,11.7,6.5
"Taiwan, Province of China",TWN,2011,7.4,4.3,3.3,0.7
"Taiwan, Province of China",TWN,2012,0.8,0.4,2.3,4.6
"Taiwan, Province of China",TWN,2013,1.5,2.5,1.5,3.3
"Taiwan, Province of China",TWN,2014,3.7,4.2,4.3,3.6
"Taiwan, Province of China",TWN,2015,4,0.6,-0.6,-0.3
Turkey,TUR,1980,-1.1,-1.1,0.3,1.7
Turkey,TUR,1981,1.7,1.6,1.2,0.7
Turkey,TUR,1982,0.7,0.7,1,1.2
Turkey,TUR,1983,1.2,1.2,1.5,1.9
Turkey,TUR,1984,1.8,1.8,1.3,0.8
Turkey,TUR,1985,0.8,0.8,1.2,1.7
Turkey,TUR,1986,1.7,1.6,2.2,2.8
Turkey,TUR,1987,-0.2,4.2,1.7,6.7
Turkey,TUR,1988,-3.8,-0.8,0.4,-0.9
Turkey,TUR,1989,-1.3,0.3,2.7,2.6
Turkey,TUR,1990,4.4,2,-3.1,5.5
Turkey,TUR,1991,-4.7,2.4,1.6,0.9
Turkey,TUR,1992,3,-0.8,2.6,0.5
Turkey,TUR,1993,2.4,4.8,0.4,0.8
Turkey,TUR,1994,-2,-10.9,4.7,2.9
Turkey,TUR,1995,2.8,1.9,2.2,0.5
Turkey,TUR,1996,2.9,1.3,0.8,2
Turkey,TUR,1997,2.1,2.8,0.6,2.2
Turkey,TUR,1998,-0.1,1.2,-0.2,-1.1
Turkey,TUR,1999,-2.8,-0.1,-0.6,1.7
Turkey,TUR,2000,3,2.2,1.6,1.1
Turkey,TUR,2001,-5.4,-3.3,1.3,-2.5
Turkey,TUR,2002,5.1,2.4,1.5,2.1
Turkey,TUR,2003,1,-1.2,3.3,2
Turkey,TUR,2004,4,1.8,1.5,0.7
Turkey,TUR,2005,4.6,0.4,2,2.6
Turkey,TUR,2006,0.5,3.8,0.1,1.3
Turkey,TUR,2007,0.9,0.9,1,2.1
Turkey,TUR,2008,1.4,-1.8,-0.4,-5.9
Turkey,TUR,2009,-5.6,4.8,4.5,1.1
Turkey,TUR,2010,0.5,3.1,1.2,4.6
Turkey,TUR,2011,2.5,0.6,1.2,0.8
Turkey,TUR,2012,-0.3,1.1,0.2,0.4
Turkey,TUR,2013,1.6,2,0.2,0.8
Turkey,TUR,2014,1.5,-0.2,0.3,1
Turkey,TUR,2015,1.5,1.4,1.3,.
United Kingdom,GBR,1980,-1.1,-1.9,-0.2,-1
United Kingdom,GBR,1981,-0.3,0.3,1.2,0.1
United Kingdom,GBR,1982,0.2,1.2,0.2,0.7
United Kingdom,GBR,1983,1.8,0.9,1.1,0.9
United Kingdom,GBR,1984,0.7,-0.9,0.7,2
United Kingdom,GBR,1985,0.8,2.1,0.1,0.2
United Kingdom,GBR,1986,1.2,0.7,0.4,1.8
United Kingdom,GBR,1987,1,1.5,2.5,1.2
United Kingdom,GBR,1988,1.8,0.6,1.5,0.9
United Kingdom,GBR,1989,0.4,0.6,0.1,0
United Kingdom,GBR,1990,0.6,0.5,-1.1,-0.4
United Kingdom,GBR,1991,-0.3,-0.2,-0.3,0.2
United Kingdom,GBR,1992,0,-0.1,0.7,0.7
United Kingdom,GBR,1993,0.8,0.5,0.8,0.7
United Kingdom,GBR,1994,1.3,1.2,1.2,0.5
United Kingdom,GBR,1995,0.3,0.4,1.1,0.4
United Kingdom,GBR,1996,1.1,0.3,0.5,0.5
United Kingdom,GBR,1997,0.8,1.1,0.7,1.3
United Kingdom,GBR,1998,0.6,0.7,0.7,1
United Kingdom,GBR,1999,0.5,0.2,1.6,1.3
United Kingdom,GBR,2000,1.1,0.7,0.4,0.3
United Kingdom,GBR,2001,1.1,0.8,0.6,0.3
United Kingdom,GBR,2002,0.4,0.8,1,0.9
United Kingdom,GBR,2003,0.7,0.9,0.8,0.7
United Kingdom,GBR,2004,0.7,0.5,0.2,0.5
United Kingdom,GBR,2005,0.7,1.1,1,1.4
United Kingdom,GBR,2006,0.4,0.3,0.1,0.6
United Kingdom,GBR,2007,1,0.6,0.8,0.8
United Kingdom,GBR,2008,0.2,-0.6,-1.7,-2.3
United Kingdom,GBR,2009,-1.6,-0.2,0.2,0.4
United Kingdom,GBR,2010,0.4,0.8,0.5,0.1
United Kingdom,GBR,2011,0.7,0.3,0.8,0.2
United Kingdom,GBR,2012,0.2,-0.2,1,-0.1
United Kingdom,GBR,2013,0.7,0.6,0.9,0.6
United Kingdom,GBR,2014,0.6,0.8,0.7,0.7
United Kingdom,GBR,2015,0.4,0.5,0.4,0.5
United States,USA,1980,0.3,-2,-0.2,1.9
United States,USA,1981,2.1,-0.7,1.1,-1.2
United States,USA,1982,-1.7,0.5,-0.4,0.1
United States,USA,1983,1.3,2.3,2,2.1
United States,USA,1984,2,1.8,1,0.8
United States,USA,1985,1,0.9,1.6,0.7
United States,USA,1986,0.9,0.5,1,0.5
United States,USA,1987,0.7,1.1,0.9,1.7
United States,USA,1988,0.6,1.3,0.6,1.3
United States,USA,1989,1,0.8,0.7,0.2
United States,USA,1990,1.1,0.4,0,-0.9
United States,USA,1991,-0.5,0.8,0.5,0.4
United States,USA,1992,1.2,1.1,1,1
United States,USA,1993,0.2,0.6,0.5,1.3
United States,USA,1994,1,1.4,0.6,1.1
United States,USA,1995,0.3,0.3,0.9,0.7
United States,USA,1996,0.7,1.7,0.9,1.1
United States,USA,1997,0.8,1.5,1.3,0.8
United States,USA,1998,1,1,1.3,1.6
United States,USA,1999,0.8,0.8,1.3,1.7
United States,USA,2000,0.3,1.9,0.1,0.6
United States,USA,2001,-0.3,0.5,-0.3,0.3
United States,USA,2002,0.9,0.6,0.5,0.1
United States,USA,2003,0.5,0.9,1.7,1.2
United States,USA,2004,0.6,0.7,0.9,0.9
United States,USA,2005,1.1,0.5,0.8,0.6
United States,USA,2006,1.2,0.3,0.1,0.8
United States,USA,2007,0.1,0.8,0.7,0.4
United States,USA,2008,-0.7,0.5,-0.5,-2.1
United States,USA,2009,-1.4,-0.1,0.3,1
United States,USA,2010,0.4,1,0.7,0.6
United States,USA,2011,-0.4,0.7,0.2,1.1
United States,USA,2012,0.7,0.5,0.1,0
United States,USA,2013,0.5,0.3,0.7,0.9
United States,USA,2014,-0.2,1.1,1.1,0.5
United States,USA,2015,0.2,1,0.5,0.2
